-- FK 전부 해제
ALTER TABLE public.employee_roles DROP CONSTRAINT IF EXISTS employee_roles_role_id_fkey;
ALTER TABLE public.employee_roles DROP CONSTRAINT IF EXISTS employee_roles_employee_id_fkey;
ALTER TABLE public.employee_branch_assignments DROP CONSTRAINT IF EXISTS employee_branch_assignments_employee_id_fkey;
ALTER TABLE public.employee_branch_assignments DROP CONSTRAINT IF EXISTS employee_branch_assignments_branch_id_fkey;
ALTER TABLE public.employees DROP CONSTRAINT IF EXISTS employees_profile_id_fkey;
ALTER TABLE public.profiles DROP CONSTRAINT IF EXISTS profiles_id_fkey;
ALTER TABLE public.profiles DROP CONSTRAINT IF EXISTS profiles_pkey CASCADE;
ALTER TABLE public.profiles ADD PRIMARY KEY (id);

INSERT INTO public.profiles (id,email,display_name,account_type,avatar_url,phone,locale,timezone,last_login_at,is_active,metadata,created_at,updated_at) VALUES ('93df4b95-ad0b-42ca-89e6-de9972b27985','legacy-staff-admin-1768713339806-7946d9c3f5@staff.bee-liber.invalid','동교','employee',NULL,NULL,'ko','Asia/Seoul',NULL,true,'{"legacy_role": "super", "migrated_from": "firebase_admins", "synthetic_email": true, "legacy_admin_doc_id": "admin-1768713339806"}'::jsonb,'2026-03-21T10:54:39.741936+00:00','2026-03-21T11:22:38.419554+00:00') ON CONFLICT (id) DO NOTHING;
INSERT INTO public.profiles (id,email,display_name,account_type,avatar_url,phone,locale,timezone,last_login_at,is_active,metadata,created_at,updated_at) VALUES ('bc4eb556-8084-4b91-83d7-333dd636c9fc','legacy-mys-admin-1771906131022-33a70dfcde@staff.bee-liber.invalid','용산','employee',NULL,NULL,'ko','Asia/Seoul',NULL,true,'{"legacy_role": null, "migrated_from": "firebase_admins", "synthetic_email": true, "legacy_admin_doc_id": "admin-1771906131022"}'::jsonb,'2026-03-21T10:54:40.763507+00:00','2026-03-21T11:22:39.500009+00:00') ON CONFLICT (id) DO NOTHING;
INSERT INTO public.profiles (id,email,display_name,account_type,avatar_url,phone,locale,timezone,last_login_at,is_active,metadata,created_at,updated_at) VALUES ('ec46e98f-604b-42b0-8cce-0b9dbafdcbf3','ddp@bee-liber.com','동대문DDP점','employee',NULL,NULL,'ko','Asia/Seoul',NULL,true,'{"legacy_role": null, "migrated_from": "firebase_admins", "synthetic_email": true, "legacy_admin_doc_id": "admin-branch-DDP-1773371030068"}'::jsonb,'2026-03-21T10:54:45.232162+00:00','2026-03-21T12:22:16.446038+00:00') ON CONFLICT (id) DO NOTHING;
INSERT INTO public.profiles (id,email,display_name,account_type,avatar_url,phone,locale,timezone,last_login_at,is_active,metadata,created_at,updated_at) VALUES ('5ab91e17-5bbb-4fae-bacc-a9adc78d459f','legacy-mdd-admin-1771906117225-1360d2eafa@staff.bee-liber.invalid','동대문','employee',NULL,NULL,'ko','Asia/Seoul',NULL,true,'{"legacy_role": null, "migrated_from": "firebase_admins", "synthetic_email": true, "legacy_admin_doc_id": "admin-1771906117225"}'::jsonb,'2026-03-21T10:54:40.262113+00:00','2026-03-21T11:22:38.948519+00:00') ON CONFLICT (id) DO NOTHING;
INSERT INTO public.profiles (id,email,display_name,account_type,avatar_url,phone,locale,timezone,last_login_at,is_active,metadata,created_at,updated_at) VALUES ('e3d7c4fb-91c6-4143-bee0-680b52160e40','legacy-myn-admin-1773414417538-cfcb28ded0@staff.bee-liber.invalid','MYN','employee',NULL,NULL,'ko','Asia/Seoul',NULL,true,'{"legacy_role": null, "migrated_from": "firebase_admins", "synthetic_email": true, "legacy_admin_doc_id": "admin-1773414417538"}'::jsonb,'2026-03-21T10:54:41.436057+00:00','2026-03-21T11:22:40.046567+00:00') ON CONFLICT (id) DO NOTHING;
INSERT INTO public.profiles (id,email,display_name,account_type,avatar_url,phone,locale,timezone,last_login_at,is_active,metadata,created_at,updated_at) VALUES ('5029fe74-5fb8-4eb4-a59d-7dffaa43f977','ceo@bee-liber.com','admin','employee',NULL,NULL,'ko','Asia/Seoul',NULL,true,'{"legacy_role": null, "migrated_from": "firebase_admins", "synthetic_email": false, "legacy_admin_doc_id": "admin-8684"}'::jsonb,'2026-03-21T10:05:58.044092+00:00','2026-03-21T11:22:40.615802+00:00') ON CONFLICT (id) DO NOTHING;
INSERT INTO public.profiles (id,email,display_name,account_type,avatar_url,phone,locale,timezone,last_login_at,is_active,metadata,created_at,updated_at) VALUES ('c39c75cb-21be-41c3-b1b6-add532b0b0ac','bsn@bee-liber.com','부산역지점','employee',NULL,NULL,'ko','Asia/Seoul',NULL,true,'{"legacy_role": null, "migrated_from": "firebase_admins", "synthetic_email": true, "legacy_admin_doc_id": "admin-branch-BSN-1773371028979"}'::jsonb,'2026-03-21T10:54:43.592441+00:00','2026-03-21T12:22:15.790965+00:00') ON CONFLICT (id) DO NOTHING;
INSERT INTO public.profiles (id,email,display_name,account_type,avatar_url,phone,locale,timezone,last_login_at,is_active,metadata,created_at,updated_at) VALUES ('f6c3b5ae-b8ee-4689-a9cd-60db10dabfbc','cwn@bee-liber.com','창원지점','employee',NULL,NULL,'ko','Asia/Seoul',NULL,true,'{"legacy_role": null, "migrated_from": "firebase_admins", "synthetic_email": true, "legacy_admin_doc_id": "admin-branch-CWN-1773371029687"}'::jsonb,'2026-03-21T10:54:44.710506+00:00','2026-03-21T12:22:16.132871+00:00') ON CONFLICT (id) DO NOTHING;
INSERT INTO public.profiles (id,email,display_name,account_type,avatar_url,phone,locale,timezone,last_login_at,is_active,metadata,created_at,updated_at) VALUES ('4b815a2f-b01f-4d60-97ae-b72697750700','bpy@bee-liber.com','부평지점','employee',NULL,NULL,'ko','Asia/Seoul',NULL,true,'{"legacy_role": null, "migrated_from": "firebase_admins", "synthetic_email": true, "legacy_admin_doc_id": "admin-branch-BPY-1773371028629"}'::jsonb,'2026-03-21T10:54:43.080101+00:00','2026-03-21T12:22:15.467724+00:00') ON CONFLICT (id) DO NOTHING;
INSERT INTO public.profiles (id,email,display_name,account_type,avatar_url,phone,locale,timezone,last_login_at,is_active,metadata,created_at,updated_at) VALUES ('17a774b4-ced0-48df-908c-8a0a14c1c9fe','dgu@bee-liber.com','대구지점','employee',NULL,NULL,'ko','Asia/Seoul',NULL,true,'{"legacy_role": null, "migrated_from": "firebase_admins", "synthetic_email": true, "legacy_admin_doc_id": "admin-branch-DGU-1773371030411"}'::jsonb,'2026-03-21T10:54:45.705531+00:00','2026-03-21T12:22:16.8204+00:00') ON CONFLICT (id) DO NOTHING;
INSERT INTO public.profiles (id,email,display_name,account_type,avatar_url,phone,locale,timezone,last_login_at,is_active,metadata,created_at,updated_at) VALUES ('faf3fda9-fe9e-4ba8-b75d-f3a4578ff498','gal@bee-liber.com','광안리지점','employee',NULL,NULL,'ko','Asia/Seoul',NULL,true,'{"legacy_role": null, "migrated_from": "firebase_admins", "synthetic_email": true, "legacy_admin_doc_id": "admin-branch-GAL-1773371030783"}'::jsonb,'2026-03-21T10:54:46.219487+00:00','2026-03-21T12:22:17.181249+00:00') ON CONFLICT (id) DO NOTHING;
INSERT INTO public.profiles (id,email,display_name,account_type,avatar_url,phone,locale,timezone,last_login_at,is_active,metadata,created_at,updated_at) VALUES ('8c8c25da-fed3-403d-8a39-ad918a7646ef','ghe@bee-liber.com','김해공항지점','employee',NULL,NULL,'ko','Asia/Seoul',NULL,true,'{"legacy_role": null, "migrated_from": "firebase_admins", "synthetic_email": true, "legacy_admin_doc_id": "admin-branch-GHE-1773371031125"}'::jsonb,'2026-03-21T10:54:46.76373+00:00','2026-03-21T12:22:17.510969+00:00') ON CONFLICT (id) DO NOTHING;
INSERT INTO public.profiles (id,email,display_name,account_type,avatar_url,phone,locale,timezone,last_login_at,is_active,metadata,created_at,updated_at) VALUES ('dcd80108-81cb-4bb3-b731-44bc08f45dda','gju@bee-liber.com','광주지점','employee',NULL,NULL,'ko','Asia/Seoul',NULL,true,'{"legacy_role": null, "migrated_from": "firebase_admins", "synthetic_email": true, "legacy_admin_doc_id": "admin-branch-GJU-1773371031494"}'::jsonb,'2026-03-21T10:54:47.241698+00:00','2026-03-21T12:22:17.780407+00:00') ON CONFLICT (id) DO NOTHING;
INSERT INTO public.profiles (id,email,display_name,account_type,avatar_url,phone,locale,timezone,last_login_at,is_active,metadata,created_at,updated_at) VALUES ('08770e6a-d435-489d-819b-3c25eb2856ed','gmp@bee-liber.com','김포공항','employee',NULL,NULL,'ko','Asia/Seoul',NULL,true,'{"legacy_role": null, "migrated_from": "firebase_admins", "synthetic_email": true, "legacy_admin_doc_id": "admin-branch-GMP-1773371031832"}'::jsonb,'2026-03-21T10:54:47.723297+00:00','2026-03-21T12:22:18.084665+00:00') ON CONFLICT (id) DO NOTHING;
INSERT INTO public.profiles (id,email,display_name,account_type,avatar_url,phone,locale,timezone,last_login_at,is_active,metadata,created_at,updated_at) VALUES ('3c21902d-f93a-4e2a-aa31-79ff2a42de84','hbo@bee-liber.com','홍대 바오점','employee',NULL,NULL,'ko','Asia/Seoul',NULL,true,'{"legacy_role": null, "migrated_from": "firebase_admins", "synthetic_email": true, "legacy_admin_doc_id": "admin-branch-HBO-1773371032207"}'::jsonb,'2026-03-21T10:54:48.220358+00:00','2026-03-21T12:22:18.392183+00:00') ON CONFLICT (id) DO NOTHING;
INSERT INTO public.profiles (id,email,display_name,account_type,avatar_url,phone,locale,timezone,last_login_at,is_active,metadata,created_at,updated_at) VALUES ('e5cdb684-cc69-4d73-b8ca-a5b50ddc30fc','hda@bee-liber.com','홍대지점','employee',NULL,NULL,'ko','Asia/Seoul',NULL,true,'{"legacy_role": null, "migrated_from": "firebase_admins", "synthetic_email": true, "legacy_admin_doc_id": "admin-branch-HDA-1773371032550"}'::jsonb,'2026-03-21T10:54:48.743402+00:00','2026-03-21T12:22:18.73049+00:00') ON CONFLICT (id) DO NOTHING;
INSERT INTO public.profiles (id,email,display_name,account_type,avatar_url,phone,locale,timezone,last_login_at,is_active,metadata,created_at,updated_at) VALUES ('b247b280-392a-4e40-b899-a35eb1fd9866','in1t@bee-liber.com','인천공항 T1','employee',NULL,NULL,'ko','Asia/Seoul',NULL,true,'{"legacy_role": null, "migrated_from": "firebase_admins", "synthetic_email": true, "legacy_admin_doc_id": "admin-branch-IN1T-1773371033293"}'::jsonb,'2026-03-21T10:54:49.729306+00:00','2026-03-21T12:22:19.335631+00:00') ON CONFLICT (id) DO NOTHING;
INSERT INTO public.profiles (id,email,display_name,account_type,avatar_url,phone,locale,timezone,last_login_at,is_active,metadata,created_at,updated_at) VALUES ('f64cddcd-52d5-4253-955a-868e5e992591','in2t@bee-liber.com','인천공항 T2','employee',NULL,NULL,'ko','Asia/Seoul',NULL,true,'{"legacy_role": null, "migrated_from": "firebase_admins", "synthetic_email": true, "legacy_admin_doc_id": "admin-branch-IN2T-1773371033744"}'::jsonb,'2026-03-21T10:54:50.230631+00:00','2026-03-21T12:22:19.619787+00:00') ON CONFLICT (id) DO NOTHING;
INSERT INTO public.profiles (id,email,display_name,account_type,avatar_url,phone,locale,timezone,last_login_at,is_active,metadata,created_at,updated_at) VALUES ('6fc5c363-7c0c-4847-9419-9a8769466ca1','isd@bee-liber.com','인사동지점','employee',NULL,NULL,'ko','Asia/Seoul',NULL,true,'{"legacy_role": null, "migrated_from": "firebase_admins", "synthetic_email": true, "legacy_admin_doc_id": "admin-branch-ISD-1773371034084"}'::jsonb,'2026-03-21T10:54:50.782774+00:00','2026-03-21T12:22:19.901212+00:00') ON CONFLICT (id) DO NOTHING;
INSERT INTO public.profiles (id,email,display_name,account_type,avatar_url,phone,locale,timezone,last_login_at,is_active,metadata,created_at,updated_at) VALUES ('8e4ea7b7-bd6b-4094-adbb-bcbc08a06c69','cmr@bee-liber.com','충무로지점','employee',NULL,NULL,'ko','Asia/Seoul',NULL,true,'{"legacy_role": null, "migrated_from": "firebase_admins", "synthetic_email": true, "legacy_admin_doc_id": "admin-branch-CMR-1773371029342"}'::jsonb,'2026-03-21T10:54:44.121174+00:00','2026-03-21T12:22:14.547141+00:00') ON CONFLICT (id) DO NOTHING;
INSERT INTO public.profiles (id,email,display_name,account_type,avatar_url,phone,locale,timezone,last_login_at,is_active,metadata,created_at,updated_at) VALUES ('daac02e1-98c5-47f5-a836-185f5440b595','legacy-staff-1pa7rld1gfty4dw3tp80-1ba23136d9@staff.bee-liber.invalid','재원','employee',NULL,NULL,'ko','Asia/Seoul','2026-03-17T09:48:08.837+00:00',true,'{"legacy_role": "super", "migrated_from": "firebase_admins", "synthetic_email": true, "legacy_admin_doc_id": "1pA7rLD1GfTY4dw3tP80BU1obKG3"}'::jsonb,'2026-03-21T10:54:37.988029+00:00','2026-03-21T11:22:35.299581+00:00') ON CONFLICT (id) DO NOTHING;
INSERT INTO public.profiles (id,email,display_name,account_type,avatar_url,phone,locale,timezone,last_login_at,is_active,metadata,created_at,updated_at) VALUES ('4fe3395e-a463-4a1c-b94c-e3dd951b0782','rlaxowl98@gmail.con','진호','employee',NULL,NULL,'ko','Asia/Seoul','2026-03-21T02:10:01.404+00:00',true,'{"legacy_role": "super", "migrated_from": "firebase_admins", "synthetic_email": false, "legacy_admin_doc_id": "LgJFfcaHJFgzBJsIAil982xWsCC2"}'::jsonb,'2026-03-21T10:08:13.808587+00:00','2026-03-21T11:22:36.573104+00:00') ON CONFLICT (id) DO NOTHING;
INSERT INTO public.profiles (id,email,display_name,account_type,avatar_url,phone,locale,timezone,last_login_at,is_active,metadata,created_at,updated_at) VALUES ('9ce842fb-5c9d-45fc-afc4-f0fe8d1a057a','legacy-myn-admin-1768533643975-ce628b2c3d@staff.bee-liber.invalid','연남','employee',NULL,NULL,'ko','Asia/Seoul',NULL,true,'{"legacy_role": null, "migrated_from": "firebase_admins", "synthetic_email": true, "legacy_admin_doc_id": "admin-1768533643975"}'::jsonb,'2026-03-21T10:54:39.150984+00:00','2026-03-21T11:22:37.895091+00:00') ON CONFLICT (id) DO NOTHING;
INSERT INTO public.profiles (id,email,display_name,account_type,avatar_url,phone,locale,timezone,last_login_at,is_active,metadata,created_at,updated_at) VALUES ('111e6fc4-2ad9-42e7-9011-2db6440c66c7','hde@bee-liber.com','해운대지점','employee',NULL,NULL,'ko','Asia/Seoul',NULL,true,'{"legacy_role": null, "migrated_from": "firebase_admins", "synthetic_email": true, "legacy_admin_doc_id": "admin-branch-HDE-1773371032925"}'::jsonb,'2026-03-21T10:54:49.266035+00:00','2026-03-21T12:22:19.058633+00:00') ON CONFLICT (id) DO NOTHING;
INSERT INTO public.profiles (id,email,display_name,account_type,avatar_url,phone,locale,timezone,last_login_at,is_active,metadata,created_at,updated_at) VALUES ('a0f2d27d-bc96-45af-ae13-393161e5105a','mec@bee-liber.com','머니박스제일환전센터','employee',NULL,NULL,'ko','Asia/Seoul',NULL,true,'{"legacy_role": null, "migrated_from": "firebase_admins", "synthetic_email": true, "legacy_admin_doc_id": "admin-branch-MEC-1773371036659"}'::jsonb,'2026-03-21T10:54:54.271984+00:00','2026-03-21T12:22:20.974545+00:00') ON CONFLICT (id) DO NOTHING;
INSERT INTO public.profiles (id,email,display_name,account_type,avatar_url,phone,locale,timezone,last_login_at,is_active,metadata,created_at,updated_at) VALUES ('952e093f-f05e-4b35-a6d0-554f39686064','mgh@bee-liber.com','광장시장점','employee',NULL,NULL,'ko','Asia/Seoul',NULL,true,'{"legacy_role": null, "migrated_from": "firebase_admins", "synthetic_email": true, "legacy_admin_doc_id": "admin-branch-MGH-1773371037032"}'::jsonb,'2026-03-21T10:54:54.759387+00:00','2026-03-21T12:22:21.276688+00:00') ON CONFLICT (id) DO NOTHING;
INSERT INTO public.profiles (id,email,display_name,account_type,avatar_url,phone,locale,timezone,last_login_at,is_active,metadata,created_at,updated_at) VALUES ('a826966b-a61f-4b72-8489-89505b86204c','mgn@bee-liber.com','강남역점','employee',NULL,NULL,'ko','Asia/Seoul',NULL,true,'{"legacy_role": null, "migrated_from": "firebase_admins", "synthetic_email": true, "legacy_admin_doc_id": "admin-branch-MGN-1773371037385"}'::jsonb,'2026-03-21T10:54:55.233061+00:00','2026-03-21T12:22:21.613741+00:00') ON CONFLICT (id) DO NOTHING;
INSERT INTO public.profiles (id,email,display_name,account_type,avatar_url,phone,locale,timezone,last_login_at,is_active,metadata,created_at,updated_at) VALUES ('4ff38208-0e20-443c-ae9c-b432f21dc947','miw@bee-liber.com','이태원지점','employee',NULL,NULL,'ko','Asia/Seoul',NULL,true,'{"legacy_role": null, "migrated_from": "firebase_admins", "synthetic_email": true, "legacy_admin_doc_id": "admin-branch-MIW-1773371037740"}'::jsonb,'2026-03-21T10:54:55.686585+00:00','2026-03-21T12:22:21.897298+00:00') ON CONFLICT (id) DO NOTHING;
INSERT INTO public.profiles (id,email,display_name,account_type,avatar_url,phone,locale,timezone,last_login_at,is_active,metadata,created_at,updated_at) VALUES ('4c3e756c-9387-41c7-9c6a-55e67ec87802','mmp@bee-liber.com','마포지점','employee',NULL,NULL,'ko','Asia/Seoul',NULL,true,'{"legacy_role": null, "migrated_from": "firebase_admins", "synthetic_email": true, "legacy_admin_doc_id": "admin-branch-MMP-1773371038160"}'::jsonb,'2026-03-21T10:54:56.234812+00:00','2026-03-21T12:22:22.165077+00:00') ON CONFLICT (id) DO NOTHING;
INSERT INTO public.profiles (id,email,display_name,account_type,avatar_url,phone,locale,timezone,last_login_at,is_active,metadata,created_at,updated_at) VALUES ('941771ed-e301-4274-a079-20b5fbd11608','msis@bee-liber.com','강남 신사점','employee',NULL,NULL,'ko','Asia/Seoul',NULL,true,'{"legacy_role": null, "migrated_from": "firebase_admins", "synthetic_email": true, "legacy_admin_doc_id": "admin-branch-MSIS-1773371038497"}'::jsonb,'2026-03-21T10:54:56.746867+00:00','2026-03-21T12:22:22.449322+00:00') ON CONFLICT (id) DO NOTHING;
INSERT INTO public.profiles (id,email,display_name,account_type,avatar_url,phone,locale,timezone,last_login_at,is_active,metadata,created_at,updated_at) VALUES ('da91b6f3-5b7c-4f21-b340-af3b99d207b4','msus@bee-liber.com','성수역점','employee',NULL,NULL,'ko','Asia/Seoul',NULL,true,'{"legacy_role": null, "migrated_from": "firebase_admins", "synthetic_email": true, "legacy_admin_doc_id": "admin-branch-MSUS-1773371038839"}'::jsonb,'2026-03-21T10:54:57.227912+00:00','2026-03-21T12:22:22.83672+00:00') ON CONFLICT (id) DO NOTHING;
INSERT INTO public.profiles (id,email,display_name,account_type,avatar_url,phone,locale,timezone,last_login_at,is_active,metadata,created_at,updated_at) VALUES ('5736a678-d2f7-4edd-b971-9bcdb156766b','myn@bee-liber.com','연남점','employee',NULL,NULL,'ko','Asia/Seoul',NULL,true,'{"legacy_role": null, "migrated_from": "firebase_admins", "synthetic_email": true, "legacy_admin_doc_id": "admin-branch-MYN-1773371039170"}'::jsonb,'2026-03-21T10:54:57.725621+00:00','2026-03-21T12:22:23.113692+00:00') ON CONFLICT (id) DO NOTHING;
INSERT INTO public.profiles (id,email,display_name,account_type,avatar_url,phone,locale,timezone,last_login_at,is_active,metadata,created_at,updated_at) VALUES ('aa354ce1-9485-4928-b08f-351f9c6c6441','mys@bee-liber.com','서울 드래곤 시티점','employee',NULL,NULL,'ko','Asia/Seoul',NULL,true,'{"legacy_role": null, "migrated_from": "firebase_admins", "synthetic_email": true, "legacy_admin_doc_id": "admin-branch-MYS-1773371039506"}'::jsonb,'2026-03-21T10:54:58.259238+00:00','2026-03-21T12:22:23.395077+00:00') ON CONFLICT (id) DO NOTHING;
INSERT INTO public.profiles (id,email,display_name,account_type,avatar_url,phone,locale,timezone,last_login_at,is_active,metadata,created_at,updated_at) VALUES ('4e7588bd-d569-4bde-b553-2357745157b7','ndm@bee-liber.com','남대문지점','employee',NULL,NULL,'ko','Asia/Seoul',NULL,true,'{"legacy_role": null, "migrated_from": "firebase_admins", "synthetic_email": true, "legacy_admin_doc_id": "admin-branch-NDM-1773371039892"}'::jsonb,'2026-03-21T10:54:58.758763+00:00','2026-03-21T12:22:23.638193+00:00') ON CONFLICT (id) DO NOTHING;
INSERT INTO public.profiles (id,email,display_name,account_type,avatar_url,phone,locale,timezone,last_login_at,is_active,metadata,created_at,updated_at) VALUES ('2b2ffae1-e04c-4e32-8173-0273a3c42d1f','npo@bee-liber.com','남포지점','employee',NULL,NULL,'ko','Asia/Seoul',NULL,true,'{"legacy_role": null, "migrated_from": "firebase_admins", "synthetic_email": true, "legacy_admin_doc_id": "admin-branch-NPO-1773371040210"}'::jsonb,'2026-03-21T10:54:59.194014+00:00','2026-03-21T12:22:23.887387+00:00') ON CONFLICT (id) DO NOTHING;
INSERT INTO public.profiles (id,email,display_name,account_type,avatar_url,phone,locale,timezone,last_login_at,is_active,metadata,created_at,updated_at) VALUES ('d901aced-695b-4c13-a244-0734b539f124','ptk@bee-liber.com','평택지점','employee',NULL,NULL,'ko','Asia/Seoul',NULL,true,'{"legacy_role": null, "migrated_from": "firebase_admins", "synthetic_email": true, "legacy_admin_doc_id": "admin-branch-PTK-1773371040541"}'::jsonb,'2026-03-21T10:54:59.686847+00:00','2026-03-21T12:22:24.156768+00:00') ON CONFLICT (id) DO NOTHING;
INSERT INTO public.profiles (id,email,display_name,account_type,avatar_url,phone,locale,timezone,last_login_at,is_active,metadata,created_at,updated_at) VALUES ('17baaeaa-8f16-46de-989c-a04529bfba8e','sdo@bee-liber.com','송도지점','employee',NULL,NULL,'ko','Asia/Seoul',NULL,true,'{"legacy_role": null, "migrated_from": "firebase_admins", "synthetic_email": true, "legacy_admin_doc_id": "admin-branch-SDO-1773371041020"}'::jsonb,'2026-03-21T10:55:00.18287+00:00','2026-03-21T12:22:24.428366+00:00') ON CONFLICT (id) DO NOTHING;
INSERT INTO public.profiles (id,email,display_name,account_type,avatar_url,phone,locale,timezone,last_login_at,is_active,metadata,created_at,updated_at) VALUES ('2e774236-de1b-441c-bc93-7071a36b36f2','srk@bee-liber.com','서울역지점','employee',NULL,NULL,'ko','Asia/Seoul',NULL,true,'{"legacy_role": null, "migrated_from": "firebase_admins", "synthetic_email": true, "legacy_admin_doc_id": "admin-branch-SRK-1773371041374"}'::jsonb,'2026-03-21T10:55:00.684974+00:00','2026-03-21T12:22:24.700651+00:00') ON CONFLICT (id) DO NOTHING;
INSERT INTO public.profiles (id,email,display_name,account_type,avatar_url,phone,locale,timezone,last_login_at,is_active,metadata,created_at,updated_at) VALUES ('6ec86079-75ae-4e29-8bfa-819c51c26f1b','uso@bee-liber.com','운서역지점','employee',NULL,NULL,'ko','Asia/Seoul',NULL,true,'{"legacy_role": null, "migrated_from": "firebase_admins", "synthetic_email": true, "legacy_admin_doc_id": "admin-branch-USO-1773371042088"}'::jsonb,'2026-03-21T10:55:01.725941+00:00','2026-03-21T12:22:25.209283+00:00') ON CONFLICT (id) DO NOTHING;
INSERT INTO public.profiles (id,email,display_name,account_type,avatar_url,phone,locale,timezone,last_login_at,is_active,metadata,created_at,updated_at) VALUES ('23190fb9-1595-4503-b3a1-913f2630d648','uss@bee-liber.com','울산삼산지점','employee',NULL,NULL,'ko','Asia/Seoul',NULL,true,'{"legacy_role": null, "migrated_from": "firebase_admins", "synthetic_email": true, "legacy_admin_doc_id": "admin-branch-USS-1773371042445"}'::jsonb,'2026-03-21T10:55:02.209528+00:00','2026-03-21T12:22:25.45913+00:00') ON CONFLICT (id) DO NOTHING;
INSERT INTO public.profiles (id,email,display_name,account_type,avatar_url,phone,locale,timezone,last_login_at,is_active,metadata,created_at,updated_at) VALUES ('ee7823cf-ebb0-40ae-9c09-041276897d6c','ydo@bee-liber.com','여의도지점','employee',NULL,NULL,'ko','Asia/Seoul',NULL,true,'{"legacy_role": null, "migrated_from": "firebase_admins", "synthetic_email": true, "legacy_admin_doc_id": "admin-branch-YDO-1773371042781"}'::jsonb,'2026-03-21T10:55:02.654636+00:00','2026-03-21T12:22:25.725909+00:00') ON CONFLICT (id) DO NOTHING;
INSERT INTO public.profiles (id,email,display_name,account_type,avatar_url,phone,locale,timezone,last_login_at,is_active,metadata,created_at,updated_at) VALUES ('e22b20f5-d168-48f8-b4c6-2132c5b1d207','jno@bee-liber.com','종로지점','employee',NULL,NULL,'ko','Asia/Seoul',NULL,true,'{"legacy_role": null, "migrated_from": "firebase_admins", "synthetic_email": true, "legacy_admin_doc_id": "admin-branch-JNO-1773371035176"}'::jsonb,'2026-03-21T10:54:52.215733+00:00','2026-03-21T12:22:25.999813+00:00') ON CONFLICT (id) DO NOTHING;
INSERT INTO public.profiles (id,email,display_name,account_type,avatar_url,phone,locale,timezone,last_login_at,is_active,metadata,created_at,updated_at) VALUES ('e365db44-50fc-4172-985c-046f463bb5cd','md2@bee-liber.com','명동2호점','employee',NULL,NULL,'ko','Asia/Seoul',NULL,true,'{"legacy_role": null, "migrated_from": "firebase_admins", "synthetic_email": true, "legacy_admin_doc_id": "admin-branch-MD2-1773371035515"}'::jsonb,'2026-03-21T10:54:52.767215+00:00','2026-03-21T12:22:26.268836+00:00') ON CONFLICT (id) DO NOTHING;
INSERT INTO public.profiles (id,email,display_name,account_type,avatar_url,phone,locale,timezone,last_login_at,is_active,metadata,created_at,updated_at) VALUES ('d45f7ab8-352f-4dcf-87f7-27f9980192e1','dbcjsaud@gmail.com','천명','employee',NULL,NULL,'ko','Asia/Seoul','2026-03-21T09:08:02.863+00:00',true,'{"legacy_role": "super", "migrated_from": "firebase_admins", "synthetic_email": false, "legacy_admin_doc_id": "eZEMUxHDHdhuMKVoPMRW0FYK5jp2"}'::jsonb,'2026-03-21T10:55:03.125495+00:00','2026-03-21T11:23:06.371804+00:00') ON CONFLICT (id) DO NOTHING;
INSERT INTO public.profiles (id,email,display_name,account_type,avatar_url,phone,locale,timezone,last_login_at,is_active,metadata,created_at,updated_at) VALUES ('1992bc39-2355-4d42-9069-f75a6bd89d52','jej@bee-liber.com','제주지점','employee',NULL,NULL,'ko','Asia/Seoul',NULL,true,'{"legacy_role": null, "migrated_from": "firebase_admins", "synthetic_email": true, "legacy_admin_doc_id": "admin-branch-JEJ-1773371034826"}'::jsonb,'2026-03-21T10:54:51.764734+00:00','2026-03-21T12:22:20.42652+00:00') ON CONFLICT (id) DO NOTHING;
INSERT INTO public.profiles (id,email,display_name,account_type,avatar_url,phone,locale,timezone,last_login_at,is_active,metadata,created_at,updated_at) VALUES ('d0dbcbd6-8086-4eef-acee-fe0b9724f7d6','mdm@bee-liber.com','동대문지점','employee',NULL,NULL,'ko','Asia/Seoul',NULL,true,'{"legacy_role": null, "migrated_from": "firebase_admins", "synthetic_email": true, "legacy_admin_doc_id": "admin-branch-MDM-1773371036315"}'::jsonb,'2026-03-21T10:54:53.798153+00:00','2026-03-21T12:22:20.69626+00:00') ON CONFLICT (id) DO NOTHING;
INSERT INTO public.profiles (id,email,display_name,account_type,avatar_url,phone,locale,timezone,last_login_at,is_active,metadata,created_at,updated_at) VALUES ('58b85fe0-2f1d-4efb-96ad-c5b07fbe5ded','mdd@bee-liber.com','명동직영점','employee',NULL,NULL,'ko','Asia/Seoul',NULL,true,'{"legacy_role": null, "migrated_from": "firebase_admins", "synthetic_email": true, "legacy_admin_doc_id": "admin-branch-MDD-1773371035910"}'::jsonb,'2026-03-21T10:54:53.335361+00:00','2026-03-21T12:22:26.551224+00:00') ON CONFLICT (id) DO NOTHING;
INSERT INTO public.profiles (id,email,display_name,account_type,avatar_url,phone,locale,timezone,last_login_at,is_active,metadata,created_at,updated_at) VALUES ('b115af32-5844-4594-9879-4cb8533d1d82','swn@bee-liber.com','수원지점','employee',NULL,NULL,'ko','Asia/Seoul',NULL,true,'{"legacy_role": null, "migrated_from": "firebase_admins", "synthetic_email": true, "legacy_admin_doc_id": "admin-branch-SWN-1773371041748"}'::jsonb,'2026-03-21T10:55:01.211336+00:00','2026-03-21T12:22:24.958408+00:00') ON CONFLICT (id) DO NOTHING;
INSERT INTO public.profiles (id,email,display_name,account_type,avatar_url,phone,locale,timezone,last_login_at,is_active,metadata,created_at,updated_at) VALUES ('6d28286e-3b43-497d-af7a-03435823cba9','legacy-staff-rcno2en3gvtjlai5fjor-a025e4218f@staff.bee-liber.invalid','천명','employee',NULL,NULL,'ko','Asia/Seoul','2026-03-18T11:51:18.089+00:00',true,'{"legacy_role": "super", "migrated_from": "firebase_admins", "synthetic_email": true, "legacy_admin_doc_id": "rCno2EN3gvTJlai5FJOrtUVy87K2"}'::jsonb,'2026-03-21T10:55:03.633874+00:00','2026-03-21T10:57:59.322737+00:00') ON CONFLICT (id) DO NOTHING;
INSERT INTO public.profiles (id,email,display_name,account_type,avatar_url,phone,locale,timezone,last_login_at,is_active,metadata,created_at,updated_at) VALUES ('169618dc-f831-47c5-8c50-05f3bdd3fd4c','yoo0912345@gmail.com','현정','employee',NULL,NULL,'ko','Asia/Seoul','2026-03-18T23:57:46.06+00:00',true,'{"legacy_role": "hq", "migrated_from": "firebase_admins", "synthetic_email": false, "legacy_admin_doc_id": "0nXM49WS8LSTICreh6TygRS6Wr32"}'::jsonb,'2026-03-21T10:53:46.20314+00:00','2026-03-21T11:22:34.673057+00:00') ON CONFLICT (id) DO NOTHING;
INSERT INTO public.profiles (id,email,display_name,account_type,avatar_url,phone,locale,timezone,last_login_at,is_active,metadata,created_at,updated_at) VALUES ('d93e16be-67a3-4fbd-8416-4140e81b2053','legacy-hbo-2zhmnx5vv7gza2bq7j2n-3e96dd651b@staff.bee-liber.invalid','바오','employee',NULL,NULL,'ko','Asia/Seoul','2026-03-17T04:15:24.826+00:00',true,'{"legacy_role": null, "migrated_from": "firebase_admins", "synthetic_email": true, "legacy_admin_doc_id": "2zHMNX5Vv7gzA2Bq7J2NMmbR3Jp2"}'::jsonb,'2026-03-21T11:22:35.899538+00:00','2026-03-21T11:22:35.899538+00:00') ON CONFLICT (id) DO NOTHING;
INSERT INTO public.profiles (id,email,display_name,account_type,avatar_url,phone,locale,timezone,last_login_at,is_active,metadata,created_at,updated_at) VALUES ('ab9b2210-2f29-481b-ae23-3d74218a7890','ags@bee-liber.com','안국역지점','employee',NULL,NULL,'ko','Asia/Seoul',NULL,true,'{"legacy_role": null, "migrated_from": "firebase_admins", "synthetic_email": true, "legacy_admin_doc_id": "admin-branch-AGS-1773371027854"}'::jsonb,'2026-03-21T10:54:42.591944+00:00','2026-03-21T12:22:15.149009+00:00') ON CONFLICT (id) DO NOTHING;
INSERT INTO public.profiles (id,email,display_name,account_type,avatar_url,phone,locale,timezone,last_login_at,is_active,metadata,created_at,updated_at) VALUES ('0f1abf02-6d0e-411b-a1b7-7681fc9f18a2','jdm@bee-liber.com','제주동문시장점','employee',NULL,NULL,'ko','Asia/Seoul',NULL,true,'{"legacy_role": null, "migrated_from": "firebase_admins", "synthetic_email": true, "legacy_admin_doc_id": "admin-branch-JDM-1773371034473"}'::jsonb,'2026-03-21T10:54:51.320808+00:00','2026-03-21T12:22:20.160325+00:00') ON CONFLICT (id) DO NOTHING;
INSERT INTO public.employees (id,profile_id,employee_code,legacy_admin_doc_id,name,email,login_id,phone,job_title,org_type,employment_status,security,memo,created_at,updated_at) VALUES ('6bd58091-9659-4a48-aafc-57698c6b34c5','5ab91e17-5bbb-4fae-bacc-a9adc78d459f','EMP-MDD-ADMIN-1771906117225','admin-1771906117225','동대문','legacy-mdd-admin-1771906117225-1360d2eafa@staff.bee-liber.invalid',NULL,NULL,'동대문지점 점주님','PARTNER','active','{"synthetic_email": true}'::jsonb,NULL,'2026-03-21T10:54:40.343576+00:00','2026-03-21T11:22:39.033935+00:00') ON CONFLICT (id) DO NOTHING;
INSERT INTO public.employees (id,profile_id,employee_code,legacy_admin_doc_id,name,email,login_id,phone,job_title,org_type,employment_status,security,memo,created_at,updated_at) VALUES ('8602423b-8434-4b01-9e41-1b938c326930','bc4eb556-8084-4b91-83d7-333dd636c9fc','EMP-MYS-ADMIN-1771906131022','admin-1771906131022','용산','legacy-mys-admin-1771906131022-33a70dfcde@staff.bee-liber.invalid',NULL,NULL,'용산지점 점주님','PARTNER','active','{"synthetic_email": true}'::jsonb,NULL,'2026-03-21T10:54:40.971572+00:00','2026-03-21T11:22:39.582564+00:00') ON CONFLICT (id) DO NOTHING;
INSERT INTO public.employees (id,profile_id,employee_code,legacy_admin_doc_id,name,email,login_id,phone,job_title,org_type,employment_status,security,memo,created_at,updated_at) VALUES ('b5982f33-a68a-4ac6-a3d3-890c442d5cd8','ab9b2210-2f29-481b-ae23-3d74218a7890','EMP-AGS-ADMIN-BRANCH-AGS-1773371027854','admin-branch-AGS-1773371027854','안국역지점','ags@bee-liber.com',NULL,NULL,'Branch Manager','PARTNER','active','{"synthetic_email": false, "managed_branch_email": true}'::jsonb,NULL,'2026-03-21T10:54:42.66693+00:00','2026-03-21T12:22:15.242937+00:00') ON CONFLICT (id) DO NOTHING;
INSERT INTO public.employees (id,profile_id,employee_code,legacy_admin_doc_id,name,email,login_id,phone,job_title,org_type,employment_status,security,memo,created_at,updated_at) VALUES ('3f05e496-1952-43ea-aa32-0613821009a8','93df4b95-ad0b-42ca-89e6-de9972b27985','EMP-HQ-SEOUL-ADMIN-1768713339806','admin-1768713339806','동교','legacy-staff-admin-1768713339806-7946d9c3f5@staff.bee-liber.invalid',NULL,NULL,'이사','HQ','active','{"synthetic_email": true}'::jsonb,NULL,'2026-03-21T10:54:39.824825+00:00','2026-03-21T11:22:38.512388+00:00') ON CONFLICT (id) DO NOTHING;
INSERT INTO public.employees (id,profile_id,employee_code,legacy_admin_doc_id,name,email,login_id,phone,job_title,org_type,employment_status,security,memo,created_at,updated_at) VALUES ('0bf3c4ed-0f05-4492-80b0-62bfeaf27e8d','e3d7c4fb-91c6-4143-bee0-680b52160e40','EMP-MYN-ADMIN-1773414417538','admin-1773414417538','MYN','legacy-myn-admin-1773414417538-cfcb28ded0@staff.bee-liber.invalid',NULL,NULL,'배송기사','PARTNER','active','{"synthetic_email": true}'::jsonb,NULL,'2026-03-21T10:54:41.524204+00:00','2026-03-21T11:22:40.131577+00:00') ON CONFLICT (id) DO NOTHING;
INSERT INTO public.employees (id,profile_id,employee_code,legacy_admin_doc_id,name,email,login_id,phone,job_title,org_type,employment_status,security,memo,created_at,updated_at) VALUES ('6ba9327e-400b-4429-845f-05b5aa329648','5029fe74-5fb8-4eb4-a59d-7dffaa43f977','EMP-HQ-SEOUL-ADMIN-8684','admin-8684','admin','ceo@bee-liber.com',NULL,NULL,'admin','HQ','active','{"synthetic_email": false}'::jsonb,NULL,'2026-03-21T10:05:58.858043+00:00','2026-03-21T11:22:40.716375+00:00') ON CONFLICT (id) DO NOTHING;
INSERT INTO public.employees (id,profile_id,employee_code,legacy_admin_doc_id,name,email,login_id,phone,job_title,org_type,employment_status,security,memo,created_at,updated_at) VALUES ('b40aa49a-fd34-4ba0-9b91-e4ebaf6c1e0b','4b815a2f-b01f-4d60-97ae-b72697750700','EMP-BPY-ADMIN-BRANCH-BPY-1773371028629','admin-branch-BPY-1773371028629','부평지점','bpy@bee-liber.com',NULL,NULL,'Branch Manager','PARTNER','active','{"synthetic_email": false, "managed_branch_email": true}'::jsonb,NULL,'2026-03-21T10:54:43.17616+00:00','2026-03-21T12:22:15.572857+00:00') ON CONFLICT (id) DO NOTHING;
INSERT INTO public.employees (id,profile_id,employee_code,legacy_admin_doc_id,name,email,login_id,phone,job_title,org_type,employment_status,security,memo,created_at,updated_at) VALUES ('312277f6-525d-4a13-bfa6-68598818db14','c39c75cb-21be-41c3-b1b6-add532b0b0ac','EMP-BSN-ADMIN-BRANCH-BSN-1773371028979','admin-branch-BSN-1773371028979','부산역지점','bsn@bee-liber.com',NULL,NULL,'Branch Manager','PARTNER','active','{"synthetic_email": false, "managed_branch_email": true}'::jsonb,NULL,'2026-03-21T10:54:43.687901+00:00','2026-03-21T12:22:15.937854+00:00') ON CONFLICT (id) DO NOTHING;
INSERT INTO public.employees (id,profile_id,employee_code,legacy_admin_doc_id,name,email,login_id,phone,job_title,org_type,employment_status,security,memo,created_at,updated_at) VALUES ('5b2c9ebc-6e80-4589-869d-f6666a98a352','f6c3b5ae-b8ee-4689-a9cd-60db10dabfbc','EMP-CWN-ADMIN-BRANCH-CWN-1773371029687','admin-branch-CWN-1773371029687','창원지점','cwn@bee-liber.com',NULL,NULL,'Branch Manager','PARTNER','active','{"synthetic_email": false, "managed_branch_email": true}'::jsonb,NULL,'2026-03-21T10:54:44.815567+00:00','2026-03-21T12:22:16.250158+00:00') ON CONFLICT (id) DO NOTHING;
INSERT INTO public.employees (id,profile_id,employee_code,legacy_admin_doc_id,name,email,login_id,phone,job_title,org_type,employment_status,security,memo,created_at,updated_at) VALUES ('6281d7ef-f51a-4250-b697-4611196244ab','ec46e98f-604b-42b0-8cce-0b9dbafdcbf3','EMP-DDP-ADMIN-BRANCH-DDP-1773371030068','admin-branch-DDP-1773371030068','동대문DDP점','ddp@bee-liber.com',NULL,NULL,'Branch Manager','PARTNER','active','{"synthetic_email": false, "managed_branch_email": true}'::jsonb,NULL,'2026-03-21T10:54:45.314236+00:00','2026-03-21T12:22:16.625742+00:00') ON CONFLICT (id) DO NOTHING;
INSERT INTO public.employees (id,profile_id,employee_code,legacy_admin_doc_id,name,email,login_id,phone,job_title,org_type,employment_status,security,memo,created_at,updated_at) VALUES ('192b46c0-a91e-49c5-ac47-c1cc9e066606','17a774b4-ced0-48df-908c-8a0a14c1c9fe','EMP-DGU-ADMIN-BRANCH-DGU-1773371030411','admin-branch-DGU-1773371030411','대구지점','dgu@bee-liber.com',NULL,NULL,'Branch Manager','PARTNER','active','{"synthetic_email": false, "managed_branch_email": true}'::jsonb,NULL,'2026-03-21T10:54:45.790316+00:00','2026-03-21T12:22:16.920993+00:00') ON CONFLICT (id) DO NOTHING;
INSERT INTO public.employees (id,profile_id,employee_code,legacy_admin_doc_id,name,email,login_id,phone,job_title,org_type,employment_status,security,memo,created_at,updated_at) VALUES ('56bf70e5-082d-4a9a-a90b-9fb1b7f2d2b8','faf3fda9-fe9e-4ba8-b75d-f3a4578ff498','EMP-GAL-ADMIN-BRANCH-GAL-1773371030783','admin-branch-GAL-1773371030783','광안리지점','gal@bee-liber.com',NULL,NULL,'Branch Manager','PARTNER','active','{"synthetic_email": false, "managed_branch_email": true}'::jsonb,NULL,'2026-03-21T10:54:46.294583+00:00','2026-03-21T12:22:17.273822+00:00') ON CONFLICT (id) DO NOTHING;
INSERT INTO public.employees (id,profile_id,employee_code,legacy_admin_doc_id,name,email,login_id,phone,job_title,org_type,employment_status,security,memo,created_at,updated_at) VALUES ('084b7503-3313-41c8-9917-6b2ee6b79e3b','8c8c25da-fed3-403d-8a39-ad918a7646ef','EMP-GHE-ADMIN-BRANCH-GHE-1773371031125','admin-branch-GHE-1773371031125','김해공항지점','ghe@bee-liber.com',NULL,NULL,'Branch Manager','PARTNER','active','{"synthetic_email": false, "managed_branch_email": true}'::jsonb,NULL,'2026-03-21T10:54:46.836745+00:00','2026-03-21T12:22:17.606295+00:00') ON CONFLICT (id) DO NOTHING;
INSERT INTO public.employees (id,profile_id,employee_code,legacy_admin_doc_id,name,email,login_id,phone,job_title,org_type,employment_status,security,memo,created_at,updated_at) VALUES ('3a31160c-ed42-4f9c-903b-d884c690dacd','dcd80108-81cb-4bb3-b731-44bc08f45dda','EMP-GJU-ADMIN-BRANCH-GJU-1773371031494','admin-branch-GJU-1773371031494','광주지점','gju@bee-liber.com',NULL,NULL,'Branch Manager','PARTNER','active','{"synthetic_email": false, "managed_branch_email": true}'::jsonb,NULL,'2026-03-21T10:54:47.327301+00:00','2026-03-21T12:22:17.869663+00:00') ON CONFLICT (id) DO NOTHING;
INSERT INTO public.employees (id,profile_id,employee_code,legacy_admin_doc_id,name,email,login_id,phone,job_title,org_type,employment_status,security,memo,created_at,updated_at) VALUES ('63f9150a-c646-4824-9eda-03b9860145c6','08770e6a-d435-489d-819b-3c25eb2856ed','EMP-GMP-ADMIN-BRANCH-GMP-1773371031832','admin-branch-GMP-1773371031832','김포공항','gmp@bee-liber.com',NULL,NULL,'Branch Manager','HUB','active','{"synthetic_email": false, "managed_branch_email": true}'::jsonb,NULL,'2026-03-21T10:54:47.803274+00:00','2026-03-21T12:22:18.181416+00:00') ON CONFLICT (id) DO NOTHING;
INSERT INTO public.employees (id,profile_id,employee_code,legacy_admin_doc_id,name,email,login_id,phone,job_title,org_type,employment_status,security,memo,created_at,updated_at) VALUES ('1ee45866-dc45-4d19-b494-5fe929955cae','3c21902d-f93a-4e2a-aa31-79ff2a42de84','EMP-HBO-ADMIN-BRANCH-HBO-1773371032207','admin-branch-HBO-1773371032207','홍대 바오점','hbo@bee-liber.com',NULL,NULL,'Branch Manager','PARTNER','active','{"synthetic_email": false, "managed_branch_email": true}'::jsonb,NULL,'2026-03-21T10:54:48.311451+00:00','2026-03-21T12:22:18.496398+00:00') ON CONFLICT (id) DO NOTHING;
INSERT INTO public.employees (id,profile_id,employee_code,legacy_admin_doc_id,name,email,login_id,phone,job_title,org_type,employment_status,security,memo,created_at,updated_at) VALUES ('8407ba2b-185e-4185-b6e5-583e2db57b1f','e5cdb684-cc69-4d73-b8ca-a5b50ddc30fc','EMP-HDA-ADMIN-BRANCH-HDA-1773371032550','admin-branch-HDA-1773371032550','홍대지점','hda@bee-liber.com',NULL,NULL,'Branch Manager','PARTNER','active','{"synthetic_email": false, "managed_branch_email": true}'::jsonb,NULL,'2026-03-21T10:54:48.831148+00:00','2026-03-21T12:22:18.833758+00:00') ON CONFLICT (id) DO NOTHING;
INSERT INTO public.employees (id,profile_id,employee_code,legacy_admin_doc_id,name,email,login_id,phone,job_title,org_type,employment_status,security,memo,created_at,updated_at) VALUES ('c41de6c2-a3f1-4130-863b-c456f70d3c0f','111e6fc4-2ad9-42e7-9011-2db6440c66c7','EMP-HDE-ADMIN-BRANCH-HDE-1773371032925','admin-branch-HDE-1773371032925','해운대지점','hde@bee-liber.com',NULL,NULL,'Branch Manager','PARTNER','active','{"synthetic_email": false, "managed_branch_email": true}'::jsonb,NULL,'2026-03-21T10:54:49.346915+00:00','2026-03-21T12:22:19.145568+00:00') ON CONFLICT (id) DO NOTHING;
INSERT INTO public.employees (id,profile_id,employee_code,legacy_admin_doc_id,name,email,login_id,phone,job_title,org_type,employment_status,security,memo,created_at,updated_at) VALUES ('4970d93b-bcfa-4320-9a7c-554da9c31331','b247b280-392a-4e40-b899-a35eb1fd9866','EMP-IN1T-ADMIN-BRANCH-IN1T-1773371033293','admin-branch-IN1T-1773371033293','인천공항 T1','in1t@bee-liber.com',NULL,NULL,'Branch Manager','HUB','active','{"synthetic_email": false, "managed_branch_email": true}'::jsonb,NULL,'2026-03-21T10:54:49.803055+00:00','2026-03-21T12:22:19.424447+00:00') ON CONFLICT (id) DO NOTHING;
INSERT INTO public.employees (id,profile_id,employee_code,legacy_admin_doc_id,name,email,login_id,phone,job_title,org_type,employment_status,security,memo,created_at,updated_at) VALUES ('e472fddd-9b8f-4ef2-a8b4-9fc21daeb528','f64cddcd-52d5-4253-955a-868e5e992591','EMP-IN2T-ADMIN-BRANCH-IN2T-1773371033744','admin-branch-IN2T-1773371033744','인천공항 T2','in2t@bee-liber.com',NULL,NULL,'Branch Manager','HUB','active','{"synthetic_email": false, "managed_branch_email": true}'::jsonb,NULL,'2026-03-21T10:54:50.307546+00:00','2026-03-21T12:22:19.715409+00:00') ON CONFLICT (id) DO NOTHING;
INSERT INTO public.employees (id,profile_id,employee_code,legacy_admin_doc_id,name,email,login_id,phone,job_title,org_type,employment_status,security,memo,created_at,updated_at) VALUES ('146a9e6b-4590-4bae-86e7-bce6b22c9061','6fc5c363-7c0c-4847-9419-9a8769466ca1','EMP-ISD-ADMIN-BRANCH-ISD-1773371034084','admin-branch-ISD-1773371034084','인사동지점','isd@bee-liber.com',NULL,NULL,'Branch Manager','PARTNER','active','{"synthetic_email": false, "managed_branch_email": true}'::jsonb,NULL,'2026-03-21T10:54:50.874838+00:00','2026-03-21T12:22:19.984232+00:00') ON CONFLICT (id) DO NOTHING;
INSERT INTO public.employees (id,profile_id,employee_code,legacy_admin_doc_id,name,email,login_id,phone,job_title,org_type,employment_status,security,memo,created_at,updated_at) VALUES ('a58a5938-83d2-4301-95ee-3448694efaa0','0f1abf02-6d0e-411b-a1b7-7681fc9f18a2','EMP-JDM-ADMIN-BRANCH-JDM-1773371034473','admin-branch-JDM-1773371034473','제주동문시장점','jdm@bee-liber.com',NULL,NULL,'Branch Manager','PARTNER','active','{"synthetic_email": false, "managed_branch_email": true}'::jsonb,NULL,'2026-03-21T10:54:51.404035+00:00','2026-03-21T12:22:20.248021+00:00') ON CONFLICT (id) DO NOTHING;
INSERT INTO public.employees (id,profile_id,employee_code,legacy_admin_doc_id,name,email,login_id,phone,job_title,org_type,employment_status,security,memo,created_at,updated_at) VALUES ('8c179716-f505-4003-9ac5-d3dbeb76cf09','1992bc39-2355-4d42-9069-f75a6bd89d52','EMP-JEJ-ADMIN-BRANCH-JEJ-1773371034826','admin-branch-JEJ-1773371034826','제주지점','jej@bee-liber.com',NULL,NULL,'Branch Manager','PARTNER','active','{"synthetic_email": false, "managed_branch_email": true}'::jsonb,NULL,'2026-03-21T10:54:51.834755+00:00','2026-03-21T12:22:20.50881+00:00') ON CONFLICT (id) DO NOTHING;
INSERT INTO public.employees (id,profile_id,employee_code,legacy_admin_doc_id,name,email,login_id,phone,job_title,org_type,employment_status,security,memo,created_at,updated_at) VALUES ('6a019c0a-50ae-49d9-ab18-2b37be580082','8e4ea7b7-bd6b-4094-adbb-bcbc08a06c69','EMP-CMR-ADMIN-BRANCH-CMR-1773371029342','admin-branch-CMR-1773371029342','충무로지점','cmr@bee-liber.com',NULL,NULL,'Branch Manager','PARTNER','active','{"synthetic_email": false, "managed_branch_email": true}'::jsonb,NULL,'2026-03-21T10:54:44.206625+00:00','2026-03-21T12:22:14.8479+00:00') ON CONFLICT (id) DO NOTHING;
INSERT INTO public.employees (id,profile_id,employee_code,legacy_admin_doc_id,name,email,login_id,phone,job_title,org_type,employment_status,security,memo,created_at,updated_at) VALUES ('15181928-5439-4097-9283-c527155a9d24','169618dc-f831-47c5-8c50-05f3bdd3fd4c','EMP-HQ-SEOUL-0NXM49WS8LSTICREH6TYGRS6WR3','0nXM49WS8LSTICreh6TygRS6Wr32','현정','yoo0912345@gmail.com',NULL,NULL,'STAFF','HQ','active','{"synthetic_email": false}'::jsonb,NULL,'2026-03-21T10:53:46.300097+00:00','2026-03-21T11:22:34.823264+00:00') ON CONFLICT (id) DO NOTHING;
INSERT INTO public.employees (id,profile_id,employee_code,legacy_admin_doc_id,name,email,login_id,phone,job_title,org_type,employment_status,security,memo,created_at,updated_at) VALUES ('ec2e814f-500d-46f4-8da4-1fe2a981f986','4fe3395e-a463-4a1c-b94c-e3dd951b0782','EMP-HQ-SEOUL-LGJFFCAHJFGZBJSIAIL982XWSCC','LgJFfcaHJFgzBJsIAil982xWsCC2','진호','rlaxowl98@gmail.con',NULL,NULL,'CEO','HQ','active','{"synthetic_email": false}'::jsonb,NULL,'2026-03-21T10:08:13.902759+00:00','2026-03-21T11:22:36.671185+00:00') ON CONFLICT (id) DO NOTHING;
INSERT INTO public.employees (id,profile_id,employee_code,legacy_admin_doc_id,name,email,login_id,phone,job_title,org_type,employment_status,security,memo,created_at,updated_at) VALUES ('611a9e32-3334-4e43-9eeb-14242878edcb','9ce842fb-5c9d-45fc-afc4-f0fe8d1a057a','EMP-MYN-ADMIN-1768533643975','admin-1768533643975','연남','legacy-myn-admin-1768533643975-ce628b2c3d@staff.bee-liber.invalid',NULL,NULL,'지점','PARTNER','active','{"synthetic_email": true}'::jsonb,NULL,'2026-03-21T10:54:39.300534+00:00','2026-03-21T11:22:37.988586+00:00') ON CONFLICT (id) DO NOTHING;
INSERT INTO public.employees (id,profile_id,employee_code,legacy_admin_doc_id,name,email,login_id,phone,job_title,org_type,employment_status,security,memo,created_at,updated_at) VALUES ('58477ac3-92a5-4abf-bbd2-eb00073bccd4','a0f2d27d-bc96-45af-ae13-393161e5105a','EMP-MEC-ADMIN-BRANCH-MEC-1773371036659','admin-branch-MEC-1773371036659','머니박스제일환전센터','mec@bee-liber.com',NULL,NULL,'Branch Manager','PARTNER','active','{"synthetic_email": false, "managed_branch_email": true}'::jsonb,NULL,'2026-03-21T10:54:54.357285+00:00','2026-03-21T12:22:21.062017+00:00') ON CONFLICT (id) DO NOTHING;
INSERT INTO public.employees (id,profile_id,employee_code,legacy_admin_doc_id,name,email,login_id,phone,job_title,org_type,employment_status,security,memo,created_at,updated_at) VALUES ('37eb378b-327d-49a9-a411-f4088f324b8e','952e093f-f05e-4b35-a6d0-554f39686064','EMP-MGH-ADMIN-BRANCH-MGH-1773371037032','admin-branch-MGH-1773371037032','광장시장점','mgh@bee-liber.com',NULL,NULL,'Branch Manager','PARTNER','active','{"synthetic_email": false, "managed_branch_email": true}'::jsonb,NULL,'2026-03-21T10:54:54.836239+00:00','2026-03-21T12:22:21.388725+00:00') ON CONFLICT (id) DO NOTHING;
INSERT INTO public.employees (id,profile_id,employee_code,legacy_admin_doc_id,name,email,login_id,phone,job_title,org_type,employment_status,security,memo,created_at,updated_at) VALUES ('908efcbf-b1ca-4dc5-9063-abbc1f106d5b','a826966b-a61f-4b72-8489-89505b86204c','EMP-MGN-ADMIN-BRANCH-MGN-1773371037385','admin-branch-MGN-1773371037385','강남역점','mgn@bee-liber.com',NULL,NULL,'Branch Manager','PARTNER','active','{"synthetic_email": false, "managed_branch_email": true}'::jsonb,NULL,'2026-03-21T10:54:55.313903+00:00','2026-03-21T12:22:21.728785+00:00') ON CONFLICT (id) DO NOTHING;
INSERT INTO public.employees (id,profile_id,employee_code,legacy_admin_doc_id,name,email,login_id,phone,job_title,org_type,employment_status,security,memo,created_at,updated_at) VALUES ('b22e32dc-18bc-4939-8d47-4c9afa210d89','4ff38208-0e20-443c-ae9c-b432f21dc947','EMP-MIW-ADMIN-BRANCH-MIW-1773371037740','admin-branch-MIW-1773371037740','이태원지점','miw@bee-liber.com',NULL,NULL,'Branch Manager','PARTNER','active','{"synthetic_email": false, "managed_branch_email": true}'::jsonb,NULL,'2026-03-21T10:54:55.765349+00:00','2026-03-21T12:22:21.980208+00:00') ON CONFLICT (id) DO NOTHING;
INSERT INTO public.employees (id,profile_id,employee_code,legacy_admin_doc_id,name,email,login_id,phone,job_title,org_type,employment_status,security,memo,created_at,updated_at) VALUES ('0a03bc9f-7df1-44ae-810b-4c7e430deb2a','4c3e756c-9387-41c7-9c6a-55e67ec87802','EMP-MMP-ADMIN-BRANCH-MMP-1773371038160','admin-branch-MMP-1773371038160','마포지점','mmp@bee-liber.com',NULL,NULL,'Branch Manager','PARTNER','active','{"synthetic_email": false, "managed_branch_email": true}'::jsonb,NULL,'2026-03-21T10:54:56.31447+00:00','2026-03-21T12:22:22.242366+00:00') ON CONFLICT (id) DO NOTHING;
INSERT INTO public.employees (id,profile_id,employee_code,legacy_admin_doc_id,name,email,login_id,phone,job_title,org_type,employment_status,security,memo,created_at,updated_at) VALUES ('4a535678-832c-4296-a172-c11b888cdce6','941771ed-e301-4274-a079-20b5fbd11608','EMP-MSIS-ADMIN-BRANCH-MSIS-1773371038497','admin-branch-MSIS-1773371038497','강남 신사점','msis@bee-liber.com',NULL,NULL,'Branch Manager','PARTNER','active','{"synthetic_email": false, "managed_branch_email": true}'::jsonb,NULL,'2026-03-21T10:54:56.822585+00:00','2026-03-21T12:22:22.593024+00:00') ON CONFLICT (id) DO NOTHING;
INSERT INTO public.employees (id,profile_id,employee_code,legacy_admin_doc_id,name,email,login_id,phone,job_title,org_type,employment_status,security,memo,created_at,updated_at) VALUES ('48c54d85-15e4-4dfd-9ae7-173491762195','da91b6f3-5b7c-4f21-b340-af3b99d207b4','EMP-MSUS-ADMIN-BRANCH-MSUS-1773371038839','admin-branch-MSUS-1773371038839','성수역점','msus@bee-liber.com',NULL,NULL,'Branch Manager','PARTNER','active','{"synthetic_email": false, "managed_branch_email": true}'::jsonb,NULL,'2026-03-21T10:54:57.313985+00:00','2026-03-21T12:22:22.925378+00:00') ON CONFLICT (id) DO NOTHING;
INSERT INTO public.employees (id,profile_id,employee_code,legacy_admin_doc_id,name,email,login_id,phone,job_title,org_type,employment_status,security,memo,created_at,updated_at) VALUES ('1e737246-1642-4a0f-9af1-c18a7808d70c','5736a678-d2f7-4edd-b971-9bcdb156766b','EMP-MYN-ADMIN-BRANCH-MYN-1773371039170','admin-branch-MYN-1773371039170','연남점','myn@bee-liber.com',NULL,NULL,'Branch Manager','PARTNER','active','{"synthetic_email": false, "managed_branch_email": true}'::jsonb,NULL,'2026-03-21T10:54:57.798487+00:00','2026-03-21T12:22:23.199063+00:00') ON CONFLICT (id) DO NOTHING;
INSERT INTO public.employees (id,profile_id,employee_code,legacy_admin_doc_id,name,email,login_id,phone,job_title,org_type,employment_status,security,memo,created_at,updated_at) VALUES ('814cd4c6-8614-425d-84a7-62bb3ef53253','aa354ce1-9485-4928-b08f-351f9c6c6441','EMP-MYS-ADMIN-BRANCH-MYS-1773371039506','admin-branch-MYS-1773371039506','서울 드래곤 시티점','mys@bee-liber.com',NULL,NULL,'Branch Manager','PARTNER','active','{"synthetic_email": false, "managed_branch_email": true}'::jsonb,NULL,'2026-03-21T10:54:58.33494+00:00','2026-03-21T12:22:23.473387+00:00') ON CONFLICT (id) DO NOTHING;
INSERT INTO public.employees (id,profile_id,employee_code,legacy_admin_doc_id,name,email,login_id,phone,job_title,org_type,employment_status,security,memo,created_at,updated_at) VALUES ('e20bc5f9-8acc-4d39-856b-7bd6ddfed2da','4e7588bd-d569-4bde-b553-2357745157b7','EMP-NDM-ADMIN-BRANCH-NDM-1773371039892','admin-branch-NDM-1773371039892','남대문지점','ndm@bee-liber.com',NULL,NULL,'Branch Manager','PARTNER','active','{"synthetic_email": false, "managed_branch_email": true}'::jsonb,NULL,'2026-03-21T10:54:58.831179+00:00','2026-03-21T12:22:23.72237+00:00') ON CONFLICT (id) DO NOTHING;
INSERT INTO public.employees (id,profile_id,employee_code,legacy_admin_doc_id,name,email,login_id,phone,job_title,org_type,employment_status,security,memo,created_at,updated_at) VALUES ('6a2bf0de-1c1a-4692-9d24-72f9ad4ed95f','2b2ffae1-e04c-4e32-8173-0273a3c42d1f','EMP-NPO-ADMIN-BRANCH-NPO-1773371040210','admin-branch-NPO-1773371040210','남포지점','npo@bee-liber.com',NULL,NULL,'Branch Manager','PARTNER','active','{"synthetic_email": false, "managed_branch_email": true}'::jsonb,NULL,'2026-03-21T10:54:59.284921+00:00','2026-03-21T12:22:23.987812+00:00') ON CONFLICT (id) DO NOTHING;
INSERT INTO public.employees (id,profile_id,employee_code,legacy_admin_doc_id,name,email,login_id,phone,job_title,org_type,employment_status,security,memo,created_at,updated_at) VALUES ('b3b45a89-ca97-4624-9958-d305e5650272','d901aced-695b-4c13-a244-0734b539f124','EMP-PTK-ADMIN-BRANCH-PTK-1773371040541','admin-branch-PTK-1773371040541','평택지점','ptk@bee-liber.com',NULL,NULL,'Branch Manager','PARTNER','active','{"synthetic_email": false, "managed_branch_email": true}'::jsonb,NULL,'2026-03-21T10:54:59.766948+00:00','2026-03-21T12:22:24.241592+00:00') ON CONFLICT (id) DO NOTHING;
INSERT INTO public.employees (id,profile_id,employee_code,legacy_admin_doc_id,name,email,login_id,phone,job_title,org_type,employment_status,security,memo,created_at,updated_at) VALUES ('12f48bb8-4173-45ec-b19f-aae580860586','17baaeaa-8f16-46de-989c-a04529bfba8e','EMP-SDO-ADMIN-BRANCH-SDO-1773371041020','admin-branch-SDO-1773371041020','송도지점','sdo@bee-liber.com',NULL,NULL,'Branch Manager','PARTNER','active','{"synthetic_email": false, "managed_branch_email": true}'::jsonb,NULL,'2026-03-21T10:55:00.264045+00:00','2026-03-21T12:22:24.517318+00:00') ON CONFLICT (id) DO NOTHING;
INSERT INTO public.employees (id,profile_id,employee_code,legacy_admin_doc_id,name,email,login_id,phone,job_title,org_type,employment_status,security,memo,created_at,updated_at) VALUES ('006e470e-aa5d-44c7-8fbb-c9302b6b940a','2e774236-de1b-441c-bc93-7071a36b36f2','EMP-SRK-ADMIN-BRANCH-SRK-1773371041374','admin-branch-SRK-1773371041374','서울역지점','srk@bee-liber.com',NULL,NULL,'Branch Manager','PARTNER','active','{"synthetic_email": false, "managed_branch_email": true}'::jsonb,NULL,'2026-03-21T10:55:00.755758+00:00','2026-03-21T12:22:24.773635+00:00') ON CONFLICT (id) DO NOTHING;
INSERT INTO public.employees (id,profile_id,employee_code,legacy_admin_doc_id,name,email,login_id,phone,job_title,org_type,employment_status,security,memo,created_at,updated_at) VALUES ('352f5f41-f27f-4a64-bdeb-f303b2fc0b1f','b115af32-5844-4594-9879-4cb8533d1d82','EMP-SWN-ADMIN-BRANCH-SWN-1773371041748','admin-branch-SWN-1773371041748','수원지점','swn@bee-liber.com',NULL,NULL,'Branch Manager','PARTNER','active','{"synthetic_email": false, "managed_branch_email": true}'::jsonb,NULL,'2026-03-21T10:55:01.285687+00:00','2026-03-21T12:22:25.03513+00:00') ON CONFLICT (id) DO NOTHING;
INSERT INTO public.employees (id,profile_id,employee_code,legacy_admin_doc_id,name,email,login_id,phone,job_title,org_type,employment_status,security,memo,created_at,updated_at) VALUES ('2ba3153b-1ccb-4352-a0de-bbd311078e06','6ec86079-75ae-4e29-8bfa-819c51c26f1b','EMP-USO-ADMIN-BRANCH-USO-1773371042088','admin-branch-USO-1773371042088','운서역지점','uso@bee-liber.com',NULL,NULL,'Branch Manager','PARTNER','active','{"synthetic_email": false, "managed_branch_email": true}'::jsonb,NULL,'2026-03-21T10:55:01.835039+00:00','2026-03-21T12:22:25.282948+00:00') ON CONFLICT (id) DO NOTHING;
INSERT INTO public.employees (id,profile_id,employee_code,legacy_admin_doc_id,name,email,login_id,phone,job_title,org_type,employment_status,security,memo,created_at,updated_at) VALUES ('84c4f0eb-270d-4a4c-87cb-af38ffb241ed','23190fb9-1595-4503-b3a1-913f2630d648','EMP-USS-ADMIN-BRANCH-USS-1773371042445','admin-branch-USS-1773371042445','울산삼산지점','uss@bee-liber.com',NULL,NULL,'Branch Manager','PARTNER','active','{"synthetic_email": false, "managed_branch_email": true}'::jsonb,NULL,'2026-03-21T10:55:02.276805+00:00','2026-03-21T12:22:25.546185+00:00') ON CONFLICT (id) DO NOTHING;
INSERT INTO public.employees (id,profile_id,employee_code,legacy_admin_doc_id,name,email,login_id,phone,job_title,org_type,employment_status,security,memo,created_at,updated_at) VALUES ('e664ef59-2c27-4855-bc67-177f6e0a52b7','ee7823cf-ebb0-40ae-9c09-041276897d6c','EMP-YDO-ADMIN-BRANCH-YDO-1773371042781','admin-branch-YDO-1773371042781','여의도지점','ydo@bee-liber.com',NULL,NULL,'Branch Manager','PARTNER','active','{"synthetic_email": false, "managed_branch_email": true}'::jsonb,NULL,'2026-03-21T10:55:02.733373+00:00','2026-03-21T12:22:25.813802+00:00') ON CONFLICT (id) DO NOTHING;
INSERT INTO public.employees (id,profile_id,employee_code,legacy_admin_doc_id,name,email,login_id,phone,job_title,org_type,employment_status,security,memo,created_at,updated_at) VALUES ('74ad6f45-f8f9-4040-8920-1a939dfd71b3','e22b20f5-d168-48f8-b4c6-2132c5b1d207','EMP-JNO-ADMIN-BRANCH-JNO-1773371035176','admin-branch-JNO-1773371035176','종로지점','jno@bee-liber.com',NULL,NULL,'Branch Manager','PARTNER','active','{"synthetic_email": false, "managed_branch_email": true}'::jsonb,NULL,'2026-03-21T10:54:52.322586+00:00','2026-03-21T12:22:26.078351+00:00') ON CONFLICT (id) DO NOTHING;
INSERT INTO public.employees (id,profile_id,employee_code,legacy_admin_doc_id,name,email,login_id,phone,job_title,org_type,employment_status,security,memo,created_at,updated_at) VALUES ('14d1edb0-4e6a-4e28-ab0b-798995e6b7fd','d45f7ab8-352f-4dcf-87f7-27f9980192e1','EMP-HQ-SEOUL-EZEMUXHDHDHUMKVOPMRW0FYK5JP','eZEMUxHDHdhuMKVoPMRW0FYK5jp2','천명','dbcjsaud@gmail.com',NULL,NULL,'CTO','HQ','active','{"synthetic_email": false}'::jsonb,NULL,'2026-03-21T10:55:03.202756+00:00','2026-03-21T11:23:06.457808+00:00') ON CONFLICT (id) DO NOTHING;
INSERT INTO public.employees (id,profile_id,employee_code,legacy_admin_doc_id,name,email,login_id,phone,job_title,org_type,employment_status,security,memo,created_at,updated_at) VALUES ('336f77cb-80ea-478f-a90c-23539c83503b','d0dbcbd6-8086-4eef-acee-fe0b9724f7d6','EMP-MDM-ADMIN-BRANCH-MDM-1773371036315','admin-branch-MDM-1773371036315','동대문지점','mdm@bee-liber.com',NULL,NULL,'Branch Manager','PARTNER','active','{"synthetic_email": false, "managed_branch_email": true}'::jsonb,NULL,'2026-03-21T10:54:53.869562+00:00','2026-03-21T12:22:20.794826+00:00') ON CONFLICT (id) DO NOTHING;
INSERT INTO public.employees (id,profile_id,employee_code,legacy_admin_doc_id,name,email,login_id,phone,job_title,org_type,employment_status,security,memo,created_at,updated_at) VALUES ('8b54becf-8517-4654-9743-dd7762d6120c','daac02e1-98c5-47f5-a836-185f5440b595','EMP-HQ-SEOUL-1PA7RLD1GFTY4DW3TP80BU1OBKG','1pA7rLD1GfTY4dw3tP80BU1obKG3','재원','legacy-staff-1pa7rld1gfty4dw3tp80-1ba23136d9@staff.bee-liber.invalid',NULL,NULL,'이사','HQ','active','{"synthetic_email": true}'::jsonb,NULL,'2026-03-21T10:54:38.069042+00:00','2026-03-21T11:22:35.393402+00:00') ON CONFLICT (id) DO NOTHING;
INSERT INTO public.employees (id,profile_id,employee_code,legacy_admin_doc_id,name,email,login_id,phone,job_title,org_type,employment_status,security,memo,created_at,updated_at) VALUES ('a27ae831-c1d4-4779-a81d-b8d785e23a47','6d28286e-3b43-497d-af7a-03435823cba9','EMP-HQ-SEOUL-RCNO2EN3GVTJLAI5FJORTUVY87K','rCno2EN3gvTJlai5FJOrtUVy87K2','천명','legacy-staff-rcno2en3gvtjlai5fjor-a025e4218f@staff.bee-liber.invalid',NULL,NULL,'CTO','HQ','active','{"synthetic_email": true}'::jsonb,NULL,'2026-03-21T10:55:03.709764+00:00','2026-03-21T10:57:59.443358+00:00') ON CONFLICT (id) DO NOTHING;
INSERT INTO public.employees (id,profile_id,employee_code,legacy_admin_doc_id,name,email,login_id,phone,job_title,org_type,employment_status,security,memo,created_at,updated_at) VALUES ('36a2dbc8-5cac-48de-969f-1ba69dc758d3','e365db44-50fc-4172-985c-046f463bb5cd','EMP-MD2-ADMIN-BRANCH-MD2-1773371035515','admin-branch-MD2-1773371035515','명동2호점','md2@bee-liber.com',NULL,NULL,'Branch Manager','PARTNER','active','{"synthetic_email": false, "managed_branch_email": true}'::jsonb,NULL,'2026-03-21T10:54:52.874477+00:00','2026-03-21T12:22:26.369254+00:00') ON CONFLICT (id) DO NOTHING;
INSERT INTO public.employees (id,profile_id,employee_code,legacy_admin_doc_id,name,email,login_id,phone,job_title,org_type,employment_status,security,memo,created_at,updated_at) VALUES ('0dd05746-a4d6-45fd-9e6b-12281b7148bf','58b85fe0-2f1d-4efb-96ad-c5b07fbe5ded','EMP-MDD-ADMIN-BRANCH-MDD-1773371035910','admin-branch-MDD-1773371035910','명동직영점','mdd@bee-liber.com',NULL,NULL,'Branch Manager','PARTNER','active','{"synthetic_email": false, "managed_branch_email": true}'::jsonb,NULL,'2026-03-21T10:54:53.418564+00:00','2026-03-21T12:22:26.662861+00:00') ON CONFLICT (id) DO NOTHING;
INSERT INTO public.employees (id,profile_id,employee_code,legacy_admin_doc_id,name,email,login_id,phone,job_title,org_type,employment_status,security,memo,created_at,updated_at) VALUES ('b0de62a8-ac62-48e0-9c91-179c47739309','d93e16be-67a3-4fbd-8416-4140e81b2053','EMP-HBO-2ZHMNX5VV7GZA2BQ7J2NMMBR3JP2','2zHMNX5Vv7gzA2Bq7J2NMmbR3Jp2','바오','legacy-hbo-2zhmnx5vv7gza2bq7j2n-3e96dd651b@staff.bee-liber.invalid',NULL,NULL,'점주님','PARTNER','active','{"synthetic_email": true}'::jsonb,NULL,'2026-03-21T11:22:36.039596+00:00','2026-03-21T11:22:36.039596+00:00') ON CONFLICT (id) DO NOTHING;
INSERT INTO public.employee_roles (id,employee_id,role_id,is_primary,created_at,updated_at) VALUES ('742577fc-2d11-4f25-ae31-53865f0a310e','5b2c9ebc-6e80-4589-869d-f6666a98a352','cdddafe3-6417-4256-b156-6876eb4fcdf2',true,'2026-03-21T10:54:44.991078+00:00','2026-03-21T11:22:44.161821+00:00') ON CONFLICT (id) DO NOTHING;
INSERT INTO public.employee_roles (id,employee_id,role_id,is_primary,created_at,updated_at) VALUES ('a1c83982-0829-4288-817a-8c04f09732df','6281d7ef-f51a-4250-b697-4611196244ab','cdddafe3-6417-4256-b156-6876eb4fcdf2',true,'2026-03-21T10:54:45.470569+00:00','2026-03-21T11:22:44.751904+00:00') ON CONFLICT (id) DO NOTHING;
INSERT INTO public.employee_roles (id,employee_id,role_id,is_primary,created_at,updated_at) VALUES ('4f5ab245-729e-4de7-8571-f4651db550cd','192b46c0-a91e-49c5-ac47-c1cc9e066606','cdddafe3-6417-4256-b156-6876eb4fcdf2',true,'2026-03-21T10:54:45.950377+00:00','2026-03-21T11:22:45.347406+00:00') ON CONFLICT (id) DO NOTHING;
INSERT INTO public.employee_roles (id,employee_id,role_id,is_primary,created_at,updated_at) VALUES ('e1c05c31-de8c-4003-a8f2-bcab6b6d35b3','56bf70e5-082d-4a9a-a90b-9fb1b7f2d2b8','cdddafe3-6417-4256-b156-6876eb4fcdf2',true,'2026-03-21T10:54:46.494903+00:00','2026-03-21T11:22:45.855498+00:00') ON CONFLICT (id) DO NOTHING;
INSERT INTO public.employee_roles (id,employee_id,role_id,is_primary,created_at,updated_at) VALUES ('d750333d-ad22-4b81-9f1a-aa6e7c04755a','084b7503-3313-41c8-9917-6b2ee6b79e3b','cdddafe3-6417-4256-b156-6876eb4fcdf2',true,'2026-03-21T10:54:46.989325+00:00','2026-03-21T11:22:46.392628+00:00') ON CONFLICT (id) DO NOTHING;
INSERT INTO public.employee_roles (id,employee_id,role_id,is_primary,created_at,updated_at) VALUES ('b3d51dcc-3668-42d4-8225-cb71e5ed9b26','3a31160c-ed42-4f9c-903b-d884c690dacd','cdddafe3-6417-4256-b156-6876eb4fcdf2',true,'2026-03-21T10:54:47.481404+00:00','2026-03-21T11:22:46.911893+00:00') ON CONFLICT (id) DO NOTHING;
INSERT INTO public.employee_roles (id,employee_id,role_id,is_primary,created_at,updated_at) VALUES ('b702014d-11f9-4cdc-999d-40d3cb01b1df','63f9150a-c646-4824-9eda-03b9860145c6','b79fa6f6-5a0b-4659-bc8e-3e25c5943020',true,'2026-03-21T10:54:47.986714+00:00','2026-03-21T11:22:47.446137+00:00') ON CONFLICT (id) DO NOTHING;
INSERT INTO public.employee_roles (id,employee_id,role_id,is_primary,created_at,updated_at) VALUES ('f7b281ee-14b6-483f-bef4-4867f5fa8235','1ee45866-dc45-4d19-b494-5fe929955cae','cdddafe3-6417-4256-b156-6876eb4fcdf2',true,'2026-03-21T10:54:48.470702+00:00','2026-03-21T11:22:47.996933+00:00') ON CONFLICT (id) DO NOTHING;
INSERT INTO public.employee_roles (id,employee_id,role_id,is_primary,created_at,updated_at) VALUES ('f1ad7a99-4ba1-4889-af1e-3247c43c2553','8407ba2b-185e-4185-b6e5-583e2db57b1f','cdddafe3-6417-4256-b156-6876eb4fcdf2',true,'2026-03-21T10:54:48.980017+00:00','2026-03-21T11:22:48.579527+00:00') ON CONFLICT (id) DO NOTHING;
INSERT INTO public.employee_roles (id,employee_id,role_id,is_primary,created_at,updated_at) VALUES ('744912fb-f4ed-4a69-b57c-32523e5240bd','c41de6c2-a3f1-4130-863b-c456f70d3c0f','cdddafe3-6417-4256-b156-6876eb4fcdf2',true,'2026-03-21T10:54:49.505395+00:00','2026-03-21T11:22:49.17143+00:00') ON CONFLICT (id) DO NOTHING;
INSERT INTO public.employee_roles (id,employee_id,role_id,is_primary,created_at,updated_at) VALUES ('3d8cbf7d-f6d4-4395-bce9-4bc0310964cd','4970d93b-bcfa-4320-9a7c-554da9c31331','b79fa6f6-5a0b-4659-bc8e-3e25c5943020',true,'2026-03-21T10:54:49.949789+00:00','2026-03-21T11:22:49.70008+00:00') ON CONFLICT (id) DO NOTHING;
INSERT INTO public.employee_roles (id,employee_id,role_id,is_primary,created_at,updated_at) VALUES ('f14c3e72-87f8-4c04-84c9-96ef3cada047','e472fddd-9b8f-4ef2-a8b4-9fc21daeb528','b79fa6f6-5a0b-4659-bc8e-3e25c5943020',true,'2026-03-21T10:54:50.481476+00:00','2026-03-21T11:22:50.364709+00:00') ON CONFLICT (id) DO NOTHING;
INSERT INTO public.employee_roles (id,employee_id,role_id,is_primary,created_at,updated_at) VALUES ('6b65b3ce-518d-449b-ac99-cf9ae7e5d9e6','146a9e6b-4590-4bae-86e7-bce6b22c9061','cdddafe3-6417-4256-b156-6876eb4fcdf2',true,'2026-03-21T10:54:51.049833+00:00','2026-03-21T11:22:51.391572+00:00') ON CONFLICT (id) DO NOTHING;
INSERT INTO public.employee_roles (id,employee_id,role_id,is_primary,created_at,updated_at) VALUES ('57e58934-1e2a-43be-beca-09476da4f88b','a58a5938-83d2-4301-95ee-3448694efaa0','cdddafe3-6417-4256-b156-6876eb4fcdf2',true,'2026-03-21T10:54:51.559729+00:00','2026-03-21T11:22:52.397281+00:00') ON CONFLICT (id) DO NOTHING;
INSERT INTO public.employee_roles (id,employee_id,role_id,is_primary,created_at,updated_at) VALUES ('6289f81f-07ed-4545-90cd-1f955f570364','8c179716-f505-4003-9ac5-d3dbeb76cf09','cdddafe3-6417-4256-b156-6876eb4fcdf2',true,'2026-03-21T10:54:51.983927+00:00','2026-03-21T11:22:53.421328+00:00') ON CONFLICT (id) DO NOTHING;
INSERT INTO public.employee_roles (id,employee_id,role_id,is_primary,created_at,updated_at) VALUES ('587336e8-4b8b-489d-b34d-3e49556b266a','74ad6f45-f8f9-4040-8920-1a939dfd71b3','cdddafe3-6417-4256-b156-6876eb4fcdf2',true,'2026-03-21T10:54:52.500909+00:00','2026-03-21T11:22:54.047423+00:00') ON CONFLICT (id) DO NOTHING;
INSERT INTO public.employee_roles (id,employee_id,role_id,is_primary,created_at,updated_at) VALUES ('290fa3fa-1c2e-4bd4-b1c0-494a912a7245','36a2dbc8-5cac-48de-969f-1ba69dc758d3','cdddafe3-6417-4256-b156-6876eb4fcdf2',true,'2026-03-21T10:54:53.031276+00:00','2026-03-21T11:22:54.631082+00:00') ON CONFLICT (id) DO NOTHING;
INSERT INTO public.employee_roles (id,employee_id,role_id,is_primary,created_at,updated_at) VALUES ('0d625834-fa95-4cbe-a4a5-c2a7dbd219f6','0dd05746-a4d6-45fd-9e6b-12281b7148bf','cdddafe3-6417-4256-b156-6876eb4fcdf2',true,'2026-03-21T10:54:53.576092+00:00','2026-03-21T11:22:55.17185+00:00') ON CONFLICT (id) DO NOTHING;
INSERT INTO public.employee_roles (id,employee_id,role_id,is_primary,created_at,updated_at) VALUES ('a2444cc7-c0b4-4dd4-8876-231be0f8f08d','336f77cb-80ea-478f-a90c-23539c83503b','cdddafe3-6417-4256-b156-6876eb4fcdf2',true,'2026-03-21T10:54:54.031258+00:00','2026-03-21T11:22:55.77652+00:00') ON CONFLICT (id) DO NOTHING;
INSERT INTO public.employee_roles (id,employee_id,role_id,is_primary,created_at,updated_at) VALUES ('0208b6b6-9446-49bd-bd61-30dfd0374409','58477ac3-92a5-4abf-bbd2-eb00073bccd4','cdddafe3-6417-4256-b156-6876eb4fcdf2',true,'2026-03-21T10:54:54.526227+00:00','2026-03-21T11:22:56.266769+00:00') ON CONFLICT (id) DO NOTHING;
INSERT INTO public.employee_roles (id,employee_id,role_id,is_primary,created_at,updated_at) VALUES ('cba65d50-e2d6-41e4-a200-754aab2f9c7f','37eb378b-327d-49a9-a411-f4088f324b8e','cdddafe3-6417-4256-b156-6876eb4fcdf2',true,'2026-03-21T10:54:54.987868+00:00','2026-03-21T11:22:56.783355+00:00') ON CONFLICT (id) DO NOTHING;
INSERT INTO public.employee_roles (id,employee_id,role_id,is_primary,created_at,updated_at) VALUES ('b08648bf-e3e3-4e6c-9077-dd96c3438481','908efcbf-b1ca-4dc5-9063-abbc1f106d5b','cdddafe3-6417-4256-b156-6876eb4fcdf2',true,'2026-03-21T10:54:55.468042+00:00','2026-03-21T11:22:57.522781+00:00') ON CONFLICT (id) DO NOTHING;
INSERT INTO public.employee_roles (id,employee_id,role_id,is_primary,created_at,updated_at) VALUES ('50e0edba-83c9-4b0b-9101-6d827b3b1885','b22e32dc-18bc-4939-8d47-4c9afa210d89','cdddafe3-6417-4256-b156-6876eb4fcdf2',true,'2026-03-21T10:54:56.01681+00:00','2026-03-21T11:22:58.083273+00:00') ON CONFLICT (id) DO NOTHING;
INSERT INTO public.employee_roles (id,employee_id,role_id,is_primary,created_at,updated_at) VALUES ('fe9b0ddc-40fd-47ba-ba16-64a3466c5dde','0a03bc9f-7df1-44ae-810b-4c7e430deb2a','cdddafe3-6417-4256-b156-6876eb4fcdf2',true,'2026-03-21T10:54:56.521767+00:00','2026-03-21T11:22:58.704193+00:00') ON CONFLICT (id) DO NOTHING;
INSERT INTO public.employee_roles (id,employee_id,role_id,is_primary,created_at,updated_at) VALUES ('9e188fa8-38a7-4e0b-99af-fd8a85d911a1','4a535678-832c-4296-a172-c11b888cdce6','cdddafe3-6417-4256-b156-6876eb4fcdf2',true,'2026-03-21T10:54:56.977911+00:00','2026-03-21T11:22:59.357126+00:00') ON CONFLICT (id) DO NOTHING;
INSERT INTO public.employee_roles (id,employee_id,role_id,is_primary,created_at,updated_at) VALUES ('48b73c0b-4129-42ec-8c86-9070de1e9043','48c54d85-15e4-4dfd-9ae7-173491762195','cdddafe3-6417-4256-b156-6876eb4fcdf2',true,'2026-03-21T10:54:57.475434+00:00','2026-03-21T11:22:59.903218+00:00') ON CONFLICT (id) DO NOTHING;
INSERT INTO public.employee_roles (id,employee_id,role_id,is_primary,created_at,updated_at) VALUES ('ca8f3613-82f7-40b4-9d3f-539e5586de36','1e737246-1642-4a0f-9af1-c18a7808d70c','cdddafe3-6417-4256-b156-6876eb4fcdf2',true,'2026-03-21T10:54:57.942847+00:00','2026-03-21T11:23:00.510748+00:00') ON CONFLICT (id) DO NOTHING;
INSERT INTO public.employee_roles (id,employee_id,role_id,is_primary,created_at,updated_at) VALUES ('5949f281-0862-4861-bd6e-2f6d9e965c5d','814cd4c6-8614-425d-84a7-62bb3ef53253','cdddafe3-6417-4256-b156-6876eb4fcdf2',true,'2026-03-21T10:54:58.525844+00:00','2026-03-21T11:23:01.039981+00:00') ON CONFLICT (id) DO NOTHING;
INSERT INTO public.employee_roles (id,employee_id,role_id,is_primary,created_at,updated_at) VALUES ('485b9e1b-4c54-49ae-9a45-89ef2619d1b0','e20bc5f9-8acc-4d39-856b-7bd6ddfed2da','cdddafe3-6417-4256-b156-6876eb4fcdf2',true,'2026-03-21T10:54:58.967155+00:00','2026-03-21T11:23:01.677154+00:00') ON CONFLICT (id) DO NOTHING;
INSERT INTO public.employee_roles (id,employee_id,role_id,is_primary,created_at,updated_at) VALUES ('7a3bd152-f7ae-42a9-8d0c-95c80cb3752c','6a2bf0de-1c1a-4692-9d24-72f9ad4ed95f','cdddafe3-6417-4256-b156-6876eb4fcdf2',true,'2026-03-21T10:54:59.43845+00:00','2026-03-21T11:23:02.307102+00:00') ON CONFLICT (id) DO NOTHING;
INSERT INTO public.employee_roles (id,employee_id,role_id,is_primary,created_at,updated_at) VALUES ('d76cb336-5821-49f9-8da5-ba1d89a22a82','a27ae831-c1d4-4779-a81d-b8d785e23a47','7f030d2f-8173-41b8-a201-300dafd02a2e',true,'2026-03-21T10:55:03.872293+00:00','2026-03-21T10:57:59.605558+00:00') ON CONFLICT (id) DO NOTHING;
INSERT INTO public.employee_roles (id,employee_id,role_id,is_primary,created_at,updated_at) VALUES ('986ca49f-ef03-4691-8ca8-1e4d2836fac8','b3b45a89-ca97-4624-9958-d305e5650272','cdddafe3-6417-4256-b156-6876eb4fcdf2',true,'2026-03-21T10:54:59.913326+00:00','2026-03-21T11:23:02.845058+00:00') ON CONFLICT (id) DO NOTHING;
INSERT INTO public.employee_roles (id,employee_id,role_id,is_primary,created_at,updated_at) VALUES ('187742c3-773f-46e1-ba8f-c6eee9c41a4d','12f48bb8-4173-45ec-b19f-aae580860586','cdddafe3-6417-4256-b156-6876eb4fcdf2',true,'2026-03-21T10:55:00.4271+00:00','2026-03-21T11:23:03.374049+00:00') ON CONFLICT (id) DO NOTHING;
INSERT INTO public.employee_roles (id,employee_id,role_id,is_primary,created_at,updated_at) VALUES ('79ce1109-bc3c-4534-b068-3fdaaf15fab6','006e470e-aa5d-44c7-8fbb-c9302b6b940a','cdddafe3-6417-4256-b156-6876eb4fcdf2',true,'2026-03-21T10:55:00.907878+00:00','2026-03-21T11:23:03.904289+00:00') ON CONFLICT (id) DO NOTHING;
INSERT INTO public.employee_roles (id,employee_id,role_id,is_primary,created_at,updated_at) VALUES ('b77b5e53-156e-402b-83a0-0c2d5989432a','352f5f41-f27f-4a64-bdeb-f303b2fc0b1f','cdddafe3-6417-4256-b156-6876eb4fcdf2',true,'2026-03-21T10:55:01.454199+00:00','2026-03-21T11:23:04.415846+00:00') ON CONFLICT (id) DO NOTHING;
INSERT INTO public.employee_roles (id,employee_id,role_id,is_primary,created_at,updated_at) VALUES ('b365cdeb-a32e-4de1-b8d2-a13e8ce4866f','2ba3153b-1ccb-4352-a0de-bbd311078e06','cdddafe3-6417-4256-b156-6876eb4fcdf2',true,'2026-03-21T10:55:01.997087+00:00','2026-03-21T11:23:04.949315+00:00') ON CONFLICT (id) DO NOTHING;
INSERT INTO public.employee_roles (id,employee_id,role_id,is_primary,created_at,updated_at) VALUES ('a44f0be1-2993-47bc-8743-d331fc649e79','84c4f0eb-270d-4a4c-87cb-af38ffb241ed','cdddafe3-6417-4256-b156-6876eb4fcdf2',true,'2026-03-21T10:55:02.430027+00:00','2026-03-21T11:23:05.48498+00:00') ON CONFLICT (id) DO NOTHING;
INSERT INTO public.employee_roles (id,employee_id,role_id,is_primary,created_at,updated_at) VALUES ('6a1e7e42-ac0f-4e1a-a8a0-608dc585dd65','e664ef59-2c27-4855-bc67-177f6e0a52b7','cdddafe3-6417-4256-b156-6876eb4fcdf2',true,'2026-03-21T10:55:02.90571+00:00','2026-03-21T11:23:06.1281+00:00') ON CONFLICT (id) DO NOTHING;
INSERT INTO public.employee_roles (id,employee_id,role_id,is_primary,created_at,updated_at) VALUES ('457dc8fd-0ef5-4e2e-94ae-bee12f944664','14d1edb0-4e6a-4e28-ab0b-798995e6b7fd','7f030d2f-8173-41b8-a201-300dafd02a2e',true,'2026-03-21T10:55:03.348093+00:00','2026-03-21T11:23:06.670962+00:00') ON CONFLICT (id) DO NOTHING;
INSERT INTO public.employee_roles (id,employee_id,role_id,is_primary,created_at,updated_at) VALUES ('9cdab961-9759-4327-989b-420205100941','15181928-5439-4097-9283-c527155a9d24','9cacbe73-78dd-456a-8669-dca4518f6a50',true,'2026-03-21T10:53:46.508919+00:00','2026-03-21T11:22:35.014332+00:00') ON CONFLICT (id) DO NOTHING;
INSERT INTO public.employee_roles (id,employee_id,role_id,is_primary,created_at,updated_at) VALUES ('1bf076e6-5884-4d87-b33c-1651c6beade8','8b54becf-8517-4654-9743-dd7762d6120c','7f030d2f-8173-41b8-a201-300dafd02a2e',true,'2026-03-21T10:54:38.276667+00:00','2026-03-21T11:22:35.613596+00:00') ON CONFLICT (id) DO NOTHING;
INSERT INTO public.employee_roles (id,employee_id,role_id,is_primary,created_at,updated_at) VALUES ('b5366316-cbee-4456-8c4e-72dff77a3fa9','b0de62a8-ac62-48e0-9c91-179c47739309','cdddafe3-6417-4256-b156-6876eb4fcdf2',true,'2026-03-21T11:22:36.266136+00:00','2026-03-21T11:22:36.266136+00:00') ON CONFLICT (id) DO NOTHING;
INSERT INTO public.employee_roles (id,employee_id,role_id,is_primary,created_at,updated_at) VALUES ('01a4d2a3-40df-457b-90b0-dd5ddda14096','ec2e814f-500d-46f4-8da4-1fe2a981f986','7f030d2f-8173-41b8-a201-300dafd02a2e',true,'2026-03-21T10:08:14.125701+00:00','2026-03-21T11:22:36.927052+00:00') ON CONFLICT (id) DO NOTHING;
INSERT INTO public.employee_roles (id,employee_id,role_id,is_primary,created_at,updated_at) VALUES ('bf9b1b6f-4446-4c86-b21c-ebe1925383a1','611a9e32-3334-4e43-9eeb-14242878edcb','cdddafe3-6417-4256-b156-6876eb4fcdf2',true,'2026-03-21T10:54:39.449075+00:00','2026-03-21T11:22:38.170017+00:00') ON CONFLICT (id) DO NOTHING;
INSERT INTO public.employee_roles (id,employee_id,role_id,is_primary,created_at,updated_at) VALUES ('fcbed1b3-798e-4642-a690-35098d7e1eeb','3f05e496-1952-43ea-aa32-0613821009a8','7f030d2f-8173-41b8-a201-300dafd02a2e',true,'2026-03-21T10:54:39.98271+00:00','2026-03-21T11:22:38.682282+00:00') ON CONFLICT (id) DO NOTHING;
INSERT INTO public.employee_roles (id,employee_id,role_id,is_primary,created_at,updated_at) VALUES ('9b73e4de-1ccf-4a09-a685-2b34dfeabe64','6bd58091-9659-4a48-aafc-57698c6b34c5','cdddafe3-6417-4256-b156-6876eb4fcdf2',true,'2026-03-21T10:54:40.527283+00:00','2026-03-21T11:22:39.199876+00:00') ON CONFLICT (id) DO NOTHING;
INSERT INTO public.employee_roles (id,employee_id,role_id,is_primary,created_at,updated_at) VALUES ('d03459b0-02eb-481b-aa82-7085f86a3027','8602423b-8434-4b01-9e41-1b938c326930','cdddafe3-6417-4256-b156-6876eb4fcdf2',true,'2026-03-21T10:54:41.186027+00:00','2026-03-21T11:22:39.78509+00:00') ON CONFLICT (id) DO NOTHING;
INSERT INTO public.employee_roles (id,employee_id,role_id,is_primary,created_at,updated_at) VALUES ('60c9b3c6-19ca-4bb3-a697-ab9da075d5b9','0bf3c4ed-0f05-4492-80b0-62bfeaf27e8d','cdddafe3-6417-4256-b156-6876eb4fcdf2',true,'2026-03-21T10:54:41.727807+00:00','2026-03-21T11:22:40.342766+00:00') ON CONFLICT (id) DO NOTHING;
INSERT INTO public.employee_roles (id,employee_id,role_id,is_primary,created_at,updated_at) VALUES ('1345012f-fc02-4338-965e-ee5fabbcb8dc','6ba9327e-400b-4429-845f-05b5aa329648','7f030d2f-8173-41b8-a201-300dafd02a2e',true,'2026-03-21T10:05:59.231472+00:00','2026-03-21T11:22:40.897443+00:00') ON CONFLICT (id) DO NOTHING;
INSERT INTO public.employee_roles (id,employee_id,role_id,is_primary,created_at,updated_at) VALUES ('c76d35c6-9949-4c00-9b74-bc2f779ef585','b5982f33-a68a-4ac6-a3d3-890c442d5cd8','cdddafe3-6417-4256-b156-6876eb4fcdf2',true,'2026-03-21T10:54:42.835285+00:00','2026-03-21T11:22:41.438563+00:00') ON CONFLICT (id) DO NOTHING;
INSERT INTO public.employee_roles (id,employee_id,role_id,is_primary,created_at,updated_at) VALUES ('26394433-c8e0-4b96-a245-d282e0cfabf0','b40aa49a-fd34-4ba0-9b91-e4ebaf6c1e0b','cdddafe3-6417-4256-b156-6876eb4fcdf2',true,'2026-03-21T10:54:43.334481+00:00','2026-03-21T11:22:41.988386+00:00') ON CONFLICT (id) DO NOTHING;
INSERT INTO public.employee_roles (id,employee_id,role_id,is_primary,created_at,updated_at) VALUES ('3e2548e2-5108-4d25-89e3-8d903eaac21b','312277f6-525d-4a13-bfa6-68598818db14','cdddafe3-6417-4256-b156-6876eb4fcdf2',true,'2026-03-21T10:54:43.844865+00:00','2026-03-21T11:22:42.786367+00:00') ON CONFLICT (id) DO NOTHING;
INSERT INTO public.employee_roles (id,employee_id,role_id,is_primary,created_at,updated_at) VALUES ('44235c7f-82f3-4f46-a47f-5585dded5ad2','6a019c0a-50ae-49d9-ab18-2b37be580082','cdddafe3-6417-4256-b156-6876eb4fcdf2',true,'2026-03-21T10:54:44.462839+00:00','2026-03-21T11:22:43.347898+00:00') ON CONFLICT (id) DO NOTHING;
INSERT INTO public.employee_roles (id,employee_id,role_id,is_primary,created_at,updated_at) VALUES ('4012fce4-fabb-49ab-8ca7-44ad6579d53e','6ba9327e-400b-4429-845f-05b5aa329648','b79fa6f6-5a0b-4659-bc8e-3e25c5943020',false,'2026-03-21T10:53:47.504209+00:00','2026-03-21T10:57:37.646847+00:00') ON CONFLICT (id) DO NOTHING;
INSERT INTO public.employee_branch_assignments (id,employee_id,branch_id,assignment_type,is_primary,starts_on,ends_on,created_at,updated_at) VALUES ('cb10bc9f-8ec3-4bd7-a8ec-9891aedb8e0f','5b2c9ebc-6e80-4589-869d-f6666a98a352','76b5c9cc-d3e5-45c5-a290-c03452f849f5','primary',true,NULL,NULL,'2026-03-21T10:54:45.150453+00:00','2026-03-21T11:22:44.403021+00:00') ON CONFLICT (id) DO NOTHING;
INSERT INTO public.employee_branch_assignments (id,employee_id,branch_id,assignment_type,is_primary,starts_on,ends_on,created_at,updated_at) VALUES ('a3b43554-84f4-4872-a441-3a61a0ec74c4','6281d7ef-f51a-4250-b697-4611196244ab','13961ff9-32fb-4c21-a2f7-9cb3be35dfbd','primary',true,NULL,NULL,'2026-03-21T10:54:45.630523+00:00','2026-03-21T11:22:44.933864+00:00') ON CONFLICT (id) DO NOTHING;
INSERT INTO public.employee_branch_assignments (id,employee_id,branch_id,assignment_type,is_primary,starts_on,ends_on,created_at,updated_at) VALUES ('546f6bb6-2d26-4699-b240-f82fe835dd14','192b46c0-a91e-49c5-ac47-c1cc9e066606','8c01939d-8eeb-4645-bad5-12299d773e0b','primary',true,NULL,NULL,'2026-03-21T10:54:46.125895+00:00','2026-03-21T11:22:45.528986+00:00') ON CONFLICT (id) DO NOTHING;
INSERT INTO public.employee_branch_assignments (id,employee_id,branch_id,assignment_type,is_primary,starts_on,ends_on,created_at,updated_at) VALUES ('77abb250-f33d-4b30-b387-8307cc7018c2','56bf70e5-082d-4a9a-a90b-9fb1b7f2d2b8','e1a1cc94-033b-4d06-8f77-5ff3ea3e2bb5','primary',true,NULL,NULL,'2026-03-21T10:54:46.679904+00:00','2026-03-21T11:22:46.006869+00:00') ON CONFLICT (id) DO NOTHING;
INSERT INTO public.employee_branch_assignments (id,employee_id,branch_id,assignment_type,is_primary,starts_on,ends_on,created_at,updated_at) VALUES ('26dd2540-d2b2-4bce-aa44-d8f92130802b','084b7503-3313-41c8-9917-6b2ee6b79e3b','9fd4c5b4-14cb-43f2-bab1-4273e7ac5663','primary',true,NULL,NULL,'2026-03-21T10:54:47.158849+00:00','2026-03-21T11:22:46.57003+00:00') ON CONFLICT (id) DO NOTHING;
INSERT INTO public.employee_branch_assignments (id,employee_id,branch_id,assignment_type,is_primary,starts_on,ends_on,created_at,updated_at) VALUES ('b901f503-d9bb-47d7-84bc-d8cf29e1c647','3a31160c-ed42-4f9c-903b-d884c690dacd','3fdb451d-62e7-4f3a-a835-633ce1e10786','primary',true,NULL,NULL,'2026-03-21T10:54:47.647959+00:00','2026-03-21T11:22:47.085774+00:00') ON CONFLICT (id) DO NOTHING;
INSERT INTO public.employee_branch_assignments (id,employee_id,branch_id,assignment_type,is_primary,starts_on,ends_on,created_at,updated_at) VALUES ('04d7da77-a8e9-485e-a4c8-82fb34658b89','63f9150a-c646-4824-9eda-03b9860145c6','ecc59ec0-01c7-4fcb-b307-5ffa94e0937a','primary',true,NULL,NULL,'2026-03-21T10:54:48.15131+00:00','2026-03-21T11:22:47.621753+00:00') ON CONFLICT (id) DO NOTHING;
INSERT INTO public.employee_branch_assignments (id,employee_id,branch_id,assignment_type,is_primary,starts_on,ends_on,created_at,updated_at) VALUES ('b2b2718c-0141-45b3-9ba0-2d7cfe5dbeb5','1ee45866-dc45-4d19-b494-5fe929955cae','a797e832-e557-4517-8c5a-39cc7bd891dc','primary',true,NULL,NULL,'2026-03-21T10:54:48.627218+00:00','2026-03-21T11:22:48.193346+00:00') ON CONFLICT (id) DO NOTHING;
INSERT INTO public.employee_branch_assignments (id,employee_id,branch_id,assignment_type,is_primary,starts_on,ends_on,created_at,updated_at) VALUES ('7bf96a94-d85f-446a-9b30-a1ed22036c30','8407ba2b-185e-4185-b6e5-583e2db57b1f','be7f0a18-f42d-40e2-9027-ea99d3270b8a','primary',true,NULL,NULL,'2026-03-21T10:54:49.189895+00:00','2026-03-21T11:22:48.814538+00:00') ON CONFLICT (id) DO NOTHING;
INSERT INTO public.employee_branch_assignments (id,employee_id,branch_id,assignment_type,is_primary,starts_on,ends_on,created_at,updated_at) VALUES ('587de4b7-0d95-4302-8cf6-44194b8f3520','c41de6c2-a3f1-4130-863b-c456f70d3c0f','a5aa035f-f90f-4e88-a3db-e8bb175e8dad','primary',true,NULL,NULL,'2026-03-21T10:54:49.648456+00:00','2026-03-21T11:22:49.344319+00:00') ON CONFLICT (id) DO NOTHING;
INSERT INTO public.employee_branch_assignments (id,employee_id,branch_id,assignment_type,is_primary,starts_on,ends_on,created_at,updated_at) VALUES ('5779c4ed-9d94-4bdc-864e-c95e1f6bcc73','4970d93b-bcfa-4320-9a7c-554da9c31331','cc42a13e-00be-457b-97ba-040983a23052','primary',true,NULL,NULL,'2026-03-21T10:54:50.146649+00:00','2026-03-21T11:22:49.877538+00:00') ON CONFLICT (id) DO NOTHING;
INSERT INTO public.employee_branch_assignments (id,employee_id,branch_id,assignment_type,is_primary,starts_on,ends_on,created_at,updated_at) VALUES ('ae16d012-d2a0-4930-80d5-8116c888744c','e472fddd-9b8f-4ef2-a8b4-9fc21daeb528','a8d0e966-2932-4071-96af-c19ec159c12e','primary',true,NULL,NULL,'2026-03-21T10:54:50.668319+00:00','2026-03-21T11:22:50.64957+00:00') ON CONFLICT (id) DO NOTHING;
INSERT INTO public.employee_branch_assignments (id,employee_id,branch_id,assignment_type,is_primary,starts_on,ends_on,created_at,updated_at) VALUES ('7e2a0d71-4189-4c34-bdda-12effe7b577e','146a9e6b-4590-4bae-86e7-bce6b22c9061','2fd5f3cc-5e29-4b57-90e4-f1e492261561','primary',true,NULL,NULL,'2026-03-21T10:54:51.235551+00:00','2026-03-21T11:22:51.588722+00:00') ON CONFLICT (id) DO NOTHING;
INSERT INTO public.employee_branch_assignments (id,employee_id,branch_id,assignment_type,is_primary,starts_on,ends_on,created_at,updated_at) VALUES ('b5137351-62bb-41a0-b92b-abae349518bc','a58a5938-83d2-4301-95ee-3448694efaa0','d0aa905f-2bcb-4ea2-9204-56d072a678be','primary',true,NULL,NULL,'2026-03-21T10:54:51.697119+00:00','2026-03-21T11:22:52.874125+00:00') ON CONFLICT (id) DO NOTHING;
INSERT INTO public.employee_branch_assignments (id,employee_id,branch_id,assignment_type,is_primary,starts_on,ends_on,created_at,updated_at) VALUES ('710b8e17-71c6-4a4b-8719-0aa221a043d6','8c179716-f505-4003-9ac5-d3dbeb76cf09','0867b26f-09be-44ac-a738-65bde2534009','primary',true,NULL,NULL,'2026-03-21T10:54:52.13738+00:00','2026-03-21T11:22:53.658351+00:00') ON CONFLICT (id) DO NOTHING;
INSERT INTO public.employee_branch_assignments (id,employee_id,branch_id,assignment_type,is_primary,starts_on,ends_on,created_at,updated_at) VALUES ('1b51f787-c398-4b12-a8a9-a01101c5ac2c','74ad6f45-f8f9-4040-8920-1a939dfd71b3','65b5448d-e451-4b59-a9e4-e46c8ae97c1d','primary',true,NULL,NULL,'2026-03-21T10:54:52.696291+00:00','2026-03-21T11:22:54.279528+00:00') ON CONFLICT (id) DO NOTHING;
INSERT INTO public.employee_branch_assignments (id,employee_id,branch_id,assignment_type,is_primary,starts_on,ends_on,created_at,updated_at) VALUES ('3ab010e4-32f1-4467-be40-7ce58a8c40b7','36a2dbc8-5cac-48de-969f-1ba69dc758d3','96ebbd50-0800-4e20-96aa-f8bf1ce9dea7','primary',true,NULL,NULL,'2026-03-21T10:54:53.256399+00:00','2026-03-21T11:22:54.810896+00:00') ON CONFLICT (id) DO NOTHING;
INSERT INTO public.employee_branch_assignments (id,employee_id,branch_id,assignment_type,is_primary,starts_on,ends_on,created_at,updated_at) VALUES ('73864320-f820-479e-83d0-d7ae6e3e81f8','0dd05746-a4d6-45fd-9e6b-12281b7148bf','31ce55de-a488-4af1-9e52-cb8090ff0012','primary',true,NULL,NULL,'2026-03-21T10:54:53.720091+00:00','2026-03-21T11:22:55.407436+00:00') ON CONFLICT (id) DO NOTHING;
INSERT INTO public.employee_branch_assignments (id,employee_id,branch_id,assignment_type,is_primary,starts_on,ends_on,created_at,updated_at) VALUES ('7aa6d948-7023-434c-8560-c3dfac4514dc','336f77cb-80ea-478f-a90c-23539c83503b','504044f5-6791-4182-b2a1-2d3a2500fffe','primary',true,NULL,NULL,'2026-03-21T10:54:54.196374+00:00','2026-03-21T11:22:55.945022+00:00') ON CONFLICT (id) DO NOTHING;
INSERT INTO public.employee_branch_assignments (id,employee_id,branch_id,assignment_type,is_primary,starts_on,ends_on,created_at,updated_at) VALUES ('4a986b21-b2db-4270-a8de-55f28055a7a9','58477ac3-92a5-4abf-bbd2-eb00073bccd4','8a6de7fd-bf92-40be-9901-26fcd67b33b9','primary',true,NULL,NULL,'2026-03-21T10:54:54.667879+00:00','2026-03-21T11:22:56.426997+00:00') ON CONFLICT (id) DO NOTHING;
INSERT INTO public.employee_branch_assignments (id,employee_id,branch_id,assignment_type,is_primary,starts_on,ends_on,created_at,updated_at) VALUES ('ddb930ef-dc78-4825-b804-da85eabf8be3','37eb378b-327d-49a9-a411-f4088f324b8e','d8ce6acc-672d-49de-a452-26ab71b70b7a','primary',true,NULL,NULL,'2026-03-21T10:54:55.142812+00:00','2026-03-21T11:22:56.943428+00:00') ON CONFLICT (id) DO NOTHING;
INSERT INTO public.employee_branch_assignments (id,employee_id,branch_id,assignment_type,is_primary,starts_on,ends_on,created_at,updated_at) VALUES ('9f2ae665-45e9-404d-940e-dbd682f28b8b','908efcbf-b1ca-4dc5-9063-abbc1f106d5b','0a591689-3f95-4939-8f45-20eedd72f1c7','primary',true,NULL,NULL,'2026-03-21T10:54:55.609444+00:00','2026-03-21T11:22:57.701722+00:00') ON CONFLICT (id) DO NOTHING;
INSERT INTO public.employee_branch_assignments (id,employee_id,branch_id,assignment_type,is_primary,starts_on,ends_on,created_at,updated_at) VALUES ('d2cdce4d-c8e0-46ba-99d1-f10fbf1986a5','b22e32dc-18bc-4939-8d47-4c9afa210d89','1f52c69a-8349-47ea-a55a-d5a8e92343d0','primary',true,NULL,NULL,'2026-03-21T10:54:56.15532+00:00','2026-03-21T11:22:58.23674+00:00') ON CONFLICT (id) DO NOTHING;
INSERT INTO public.employee_branch_assignments (id,employee_id,branch_id,assignment_type,is_primary,starts_on,ends_on,created_at,updated_at) VALUES ('755326fc-dcba-48cc-b956-29909877f831','0a03bc9f-7df1-44ae-810b-4c7e430deb2a','fa3bf1b1-f906-44d9-afe3-abd0042d1e13','primary',true,NULL,NULL,'2026-03-21T10:54:56.659594+00:00','2026-03-21T11:22:58.867545+00:00') ON CONFLICT (id) DO NOTHING;
INSERT INTO public.employee_branch_assignments (id,employee_id,branch_id,assignment_type,is_primary,starts_on,ends_on,created_at,updated_at) VALUES ('290e0579-d690-4cb7-aacb-21f0d3cb8e95','4a535678-832c-4296-a172-c11b888cdce6','25a4140b-c9b5-4b5b-bd47-61a578becf5e','primary',true,NULL,NULL,'2026-03-21T10:54:57.150884+00:00','2026-03-21T11:22:59.582434+00:00') ON CONFLICT (id) DO NOTHING;
INSERT INTO public.employee_branch_assignments (id,employee_id,branch_id,assignment_type,is_primary,starts_on,ends_on,created_at,updated_at) VALUES ('8d619be6-bebf-49e9-a2a8-3dd2cea2d2a1','48c54d85-15e4-4dfd-9ae7-173491762195','795907e2-73a9-494b-8f9f-140164daed15','primary',true,NULL,NULL,'2026-03-21T10:54:57.619179+00:00','2026-03-21T11:23:00.120866+00:00') ON CONFLICT (id) DO NOTHING;
INSERT INTO public.employee_branch_assignments (id,employee_id,branch_id,assignment_type,is_primary,starts_on,ends_on,created_at,updated_at) VALUES ('26c992f7-0f93-4079-851a-e0d974a85e22','1e737246-1642-4a0f-9af1-c18a7808d70c','30925457-2fca-43b8-a088-8ad192f06e7e','primary',true,NULL,NULL,'2026-03-21T10:54:58.114952+00:00','2026-03-21T11:23:00.718886+00:00') ON CONFLICT (id) DO NOTHING;
INSERT INTO public.employee_branch_assignments (id,employee_id,branch_id,assignment_type,is_primary,starts_on,ends_on,created_at,updated_at) VALUES ('54b3c743-4bf3-4223-957b-4a1cb3a8c63a','814cd4c6-8614-425d-84a7-62bb3ef53253','328f440c-db02-419f-b9d1-fea66edc0cb9','primary',true,NULL,NULL,'2026-03-21T10:54:58.680206+00:00','2026-03-21T11:23:01.22794+00:00') ON CONFLICT (id) DO NOTHING;
INSERT INTO public.employee_branch_assignments (id,employee_id,branch_id,assignment_type,is_primary,starts_on,ends_on,created_at,updated_at) VALUES ('733a436c-6b87-4599-ad6a-7000c7bf15e9','e20bc5f9-8acc-4d39-856b-7bd6ddfed2da','714cb722-37c7-484a-b520-a1fccd033c38','primary',true,NULL,NULL,'2026-03-21T10:54:59.121198+00:00','2026-03-21T11:23:01.924038+00:00') ON CONFLICT (id) DO NOTHING;
INSERT INTO public.employee_branch_assignments (id,employee_id,branch_id,assignment_type,is_primary,starts_on,ends_on,created_at,updated_at) VALUES ('52a5da23-c79d-42d1-beed-d5a9ff4e36cf','6a2bf0de-1c1a-4692-9d24-72f9ad4ed95f','214884a9-a5ac-42f5-b839-c21f7e4fecf3','primary',true,NULL,NULL,'2026-03-21T10:54:59.596666+00:00','2026-03-21T11:23:02.469051+00:00') ON CONFLICT (id) DO NOTHING;
INSERT INTO public.employee_branch_assignments (id,employee_id,branch_id,assignment_type,is_primary,starts_on,ends_on,created_at,updated_at) VALUES ('2976a653-b8d5-4230-a8e0-acee343cc5d0','b3b45a89-ca97-4624-9958-d305e5650272','379e2345-151f-42a8-94d2-8c71602f148b','primary',true,NULL,NULL,'2026-03-21T10:55:00.063897+00:00','2026-03-21T11:23:03.003248+00:00') ON CONFLICT (id) DO NOTHING;
INSERT INTO public.employee_branch_assignments (id,employee_id,branch_id,assignment_type,is_primary,starts_on,ends_on,created_at,updated_at) VALUES ('75e1b714-955a-4c03-a185-cf5b912e2c7f','a27ae831-c1d4-4779-a81d-b8d785e23a47','0e9aa7e5-59c6-406a-9c8b-e5bb4cc39b64','primary',true,NULL,NULL,'2026-03-21T10:55:04.015523+00:00','2026-03-21T10:57:59.766508+00:00') ON CONFLICT (id) DO NOTHING;
INSERT INTO public.employee_branch_assignments (id,employee_id,branch_id,assignment_type,is_primary,starts_on,ends_on,created_at,updated_at) VALUES ('ae2524cd-0535-46b5-9fcd-0862c4575d3d','12f48bb8-4173-45ec-b19f-aae580860586','d4d24f6b-aa0a-4914-84e1-821a63ea9c62','primary',true,NULL,NULL,'2026-03-21T10:55:00.595049+00:00','2026-03-21T11:23:03.5369+00:00') ON CONFLICT (id) DO NOTHING;
INSERT INTO public.employee_branch_assignments (id,employee_id,branch_id,assignment_type,is_primary,starts_on,ends_on,created_at,updated_at) VALUES ('e1195f17-2184-418f-9bf8-54b6dd48b3d2','006e470e-aa5d-44c7-8fbb-c9302b6b940a','e751c1bb-f110-41cb-9a9b-23866f2b932d','primary',true,NULL,NULL,'2026-03-21T10:55:01.121673+00:00','2026-03-21T11:23:04.067479+00:00') ON CONFLICT (id) DO NOTHING;
INSERT INTO public.employee_branch_assignments (id,employee_id,branch_id,assignment_type,is_primary,starts_on,ends_on,created_at,updated_at) VALUES ('d064e3a0-8261-4b58-86ac-43d1c399060b','352f5f41-f27f-4a64-bdeb-f303b2fc0b1f','9e2bbd63-3f21-44ea-a8fe-db56fdb2a8fc','primary',true,NULL,NULL,'2026-03-21T10:55:01.636009+00:00','2026-03-21T11:23:04.57949+00:00') ON CONFLICT (id) DO NOTHING;
INSERT INTO public.employee_branch_assignments (id,employee_id,branch_id,assignment_type,is_primary,starts_on,ends_on,created_at,updated_at) VALUES ('fb27bcf7-bc1a-4341-aad5-26b74d4f9f32','2ba3153b-1ccb-4352-a0de-bbd311078e06','5c6001fe-12d1-4aeb-83dc-0849d6ab7214','primary',true,NULL,NULL,'2026-03-21T10:55:02.140662+00:00','2026-03-21T11:23:05.129105+00:00') ON CONFLICT (id) DO NOTHING;
INSERT INTO public.employee_branch_assignments (id,employee_id,branch_id,assignment_type,is_primary,starts_on,ends_on,created_at,updated_at) VALUES ('efdac0ad-1552-4719-991d-1fa5a2b8e716','84c4f0eb-270d-4a4c-87cb-af38ffb241ed','7b805a13-6dea-46ae-8f50-3d3519ff8212','primary',true,NULL,NULL,'2026-03-21T10:55:02.580423+00:00','2026-03-21T11:23:05.732894+00:00') ON CONFLICT (id) DO NOTHING;
INSERT INTO public.employee_branch_assignments (id,employee_id,branch_id,assignment_type,is_primary,starts_on,ends_on,created_at,updated_at) VALUES ('f323b78c-4b97-4a36-8458-1e46d4bb75f6','e664ef59-2c27-4855-bc67-177f6e0a52b7','9c7f6fcb-b0ed-4546-9c38-ec71477149ad','primary',true,NULL,NULL,'2026-03-21T10:55:03.044389+00:00','2026-03-21T11:23:06.29583+00:00') ON CONFLICT (id) DO NOTHING;
INSERT INTO public.employee_branch_assignments (id,employee_id,branch_id,assignment_type,is_primary,starts_on,ends_on,created_at,updated_at) VALUES ('644dc5b0-56c4-43f0-94c5-92bf8831f0da','14d1edb0-4e6a-4e28-ab0b-798995e6b7fd','0e9aa7e5-59c6-406a-9c8b-e5bb4cc39b64','primary',true,NULL,NULL,'2026-03-21T10:55:03.561254+00:00','2026-03-21T11:23:06.858845+00:00') ON CONFLICT (id) DO NOTHING;
INSERT INTO public.employee_branch_assignments (id,employee_id,branch_id,assignment_type,is_primary,starts_on,ends_on,created_at,updated_at) VALUES ('4e8eee3f-d7a6-44f0-a41a-b16dc657d918','15181928-5439-4097-9283-c527155a9d24','0e9aa7e5-59c6-406a-9c8b-e5bb4cc39b64','primary',true,NULL,NULL,'2026-03-21T10:53:46.675434+00:00','2026-03-21T11:22:35.209734+00:00') ON CONFLICT (id) DO NOTHING;
INSERT INTO public.employee_branch_assignments (id,employee_id,branch_id,assignment_type,is_primary,starts_on,ends_on,created_at,updated_at) VALUES ('e65324ec-b1ae-4921-9c0e-fbe3da86d1dd','8b54becf-8517-4654-9743-dd7762d6120c','0e9aa7e5-59c6-406a-9c8b-e5bb4cc39b64','primary',true,NULL,NULL,'2026-03-21T10:54:38.52282+00:00','2026-03-21T11:22:35.800358+00:00') ON CONFLICT (id) DO NOTHING;
INSERT INTO public.employee_branch_assignments (id,employee_id,branch_id,assignment_type,is_primary,starts_on,ends_on,created_at,updated_at) VALUES ('ece3c783-8760-47d3-8368-f407c62d3d15','b0de62a8-ac62-48e0-9c91-179c47739309','a797e832-e557-4517-8c5a-39cc7bd891dc','primary',true,NULL,NULL,'2026-03-21T11:22:36.473706+00:00','2026-03-21T11:22:36.473706+00:00') ON CONFLICT (id) DO NOTHING;
INSERT INTO public.employee_branch_assignments (id,employee_id,branch_id,assignment_type,is_primary,starts_on,ends_on,created_at,updated_at) VALUES ('98b3ba9e-9703-43f6-92dd-b2ca8b3f0f23','ec2e814f-500d-46f4-8da4-1fe2a981f986','0e9aa7e5-59c6-406a-9c8b-e5bb4cc39b64','primary',true,NULL,NULL,'2026-03-21T10:08:14.335886+00:00','2026-03-21T11:22:37.788967+00:00') ON CONFLICT (id) DO NOTHING;
INSERT INTO public.employee_branch_assignments (id,employee_id,branch_id,assignment_type,is_primary,starts_on,ends_on,created_at,updated_at) VALUES ('3d7dd091-2921-44e0-8819-2c4169f33ba2','611a9e32-3334-4e43-9eeb-14242878edcb','30925457-2fca-43b8-a088-8ad192f06e7e','primary',true,NULL,NULL,'2026-03-21T10:54:39.620505+00:00','2026-03-21T11:22:38.335723+00:00') ON CONFLICT (id) DO NOTHING;
INSERT INTO public.employee_branch_assignments (id,employee_id,branch_id,assignment_type,is_primary,starts_on,ends_on,created_at,updated_at) VALUES ('c462d35b-1481-4cdd-b43e-b649372e9f41','3f05e496-1952-43ea-aa32-0613821009a8','0e9aa7e5-59c6-406a-9c8b-e5bb4cc39b64','primary',true,NULL,NULL,'2026-03-21T10:54:40.189941+00:00','2026-03-21T11:22:38.852166+00:00') ON CONFLICT (id) DO NOTHING;
INSERT INTO public.employee_branch_assignments (id,employee_id,branch_id,assignment_type,is_primary,starts_on,ends_on,created_at,updated_at) VALUES ('d2509e6e-2a33-439b-a573-e00776f29a68','6bd58091-9659-4a48-aafc-57698c6b34c5','31ce55de-a488-4af1-9e52-cb8090ff0012','primary',true,NULL,NULL,'2026-03-21T10:54:40.684346+00:00','2026-03-21T11:22:39.408734+00:00') ON CONFLICT (id) DO NOTHING;
INSERT INTO public.employee_branch_assignments (id,employee_id,branch_id,assignment_type,is_primary,starts_on,ends_on,created_at,updated_at) VALUES ('10f5799b-9325-477b-91f6-f1e0d291e438','8602423b-8434-4b01-9e41-1b938c326930','328f440c-db02-419f-b9d1-fea66edc0cb9','primary',true,NULL,NULL,'2026-03-21T10:54:41.344193+00:00','2026-03-21T11:22:39.961761+00:00') ON CONFLICT (id) DO NOTHING;
INSERT INTO public.employee_branch_assignments (id,employee_id,branch_id,assignment_type,is_primary,starts_on,ends_on,created_at,updated_at) VALUES ('bc53afa6-18f0-4254-a508-ddcaff5af156','0bf3c4ed-0f05-4492-80b0-62bfeaf27e8d','30925457-2fca-43b8-a088-8ad192f06e7e','primary',true,NULL,NULL,'2026-03-21T10:54:41.881242+00:00','2026-03-21T11:22:40.512566+00:00') ON CONFLICT (id) DO NOTHING;
INSERT INTO public.employee_branch_assignments (id,employee_id,branch_id,assignment_type,is_primary,starts_on,ends_on,created_at,updated_at) VALUES ('9ba9766a-ba2e-470f-9d35-9c1c1ecbe345','6ba9327e-400b-4429-845f-05b5aa329648','0e9aa7e5-59c6-406a-9c8b-e5bb4cc39b64','primary',true,NULL,NULL,'2026-03-21T10:05:59.675111+00:00','2026-03-21T11:22:41.058531+00:00') ON CONFLICT (id) DO NOTHING;
INSERT INTO public.employee_branch_assignments (id,employee_id,branch_id,assignment_type,is_primary,starts_on,ends_on,created_at,updated_at) VALUES ('eb5b3daf-ce07-4a78-b0ae-471b833a351c','b5982f33-a68a-4ac6-a3d3-890c442d5cd8','b4f74f59-d3e3-4065-9df2-7ec15c733c72','primary',true,NULL,NULL,'2026-03-21T10:54:42.994196+00:00','2026-03-21T11:22:41.634128+00:00') ON CONFLICT (id) DO NOTHING;
INSERT INTO public.employee_branch_assignments (id,employee_id,branch_id,assignment_type,is_primary,starts_on,ends_on,created_at,updated_at) VALUES ('87805972-93fb-41b7-9086-ef69d8076d06','b40aa49a-fd34-4ba0-9b91-e4ebaf6c1e0b','cd5df7b0-6f51-44a6-b363-b676bbe4130c','primary',true,NULL,NULL,'2026-03-21T10:54:43.506672+00:00','2026-03-21T11:22:42.190065+00:00') ON CONFLICT (id) DO NOTHING;
INSERT INTO public.employee_branch_assignments (id,employee_id,branch_id,assignment_type,is_primary,starts_on,ends_on,created_at,updated_at) VALUES ('b448ca9d-9e60-48e8-9f33-678b3514ca56','312277f6-525d-4a13-bfa6-68598818db14','99b52b6f-3b33-4e6e-ac67-d83d15cb2b55','primary',true,NULL,NULL,'2026-03-21T10:54:44.047856+00:00','2026-03-21T11:22:42.949417+00:00') ON CONFLICT (id) DO NOTHING;
INSERT INTO public.employee_branch_assignments (id,employee_id,branch_id,assignment_type,is_primary,starts_on,ends_on,created_at,updated_at) VALUES ('0bcb5477-e780-48eb-b86f-3e7b7a5933f7','6a019c0a-50ae-49d9-ab18-2b37be580082','dc60ac26-e35a-473b-ae91-6485cc3631d9','primary',true,NULL,NULL,'2026-03-21T10:54:44.623006+00:00','2026-03-21T11:22:43.527348+00:00') ON CONFLICT (id) DO NOTHING;